doi:10.7910/DVN/JXXNDO	all	ok
doi:10.7910/DVN/FXKA3J	all	ok
doi:10.7910/DVN/O3ETO9	all	ok
doi:10.7910/DVN/KKS1R0	all	ok
doi:10.7910/DVN/XRBKEY	all	ok
doi:10.7910/DVN/IJKAUR	all	ok
doi:10.7910/DVN/HXNVTQ	all	ok
doi:10.7910/DVN/VT4KJA	all	ok
doi:10.7910/DVN/GOWG6K	all	ok
doi:10.7910/DVN/YDCL7Z	all	ok
doi:10.7910/DVN/IVPBRF	all	ok
doi:10.7910/DVN/RXYHGK	all	ok
doi:10.7910/DVN/DCYDHS	all	ok
doi:10.7910/DVN/2RORMS	all	ok
doi:10.7910/DVN/RTB1IG	all	ok
doi:10.7910/DVN/CECD9V	all	ok
doi:10.7910/DVN/EPBPMJ	all	ok
doi:10.7910/DVN/ONSPYO	all	ok
doi:10.7910/DVN/NN9KZT	all	ok
doi:10.7910/DVN/2CS1VF	all	ok
doi:10.7910/DVN/XHDOZU	all	ok
doi:10.7910/DVN/Z7P7RL	all	ok
doi:10.7910/DVN/BSIFTF	all	ok
doi:10.7910/DVN/BGPIWF	all	ok
doi:10.7910/DVN/OUAYYH	all	ok
doi:10.7910/DVN/GVEKYP	all	ok
doi:10.7910/DVN/VLOHVI	all	ok
doi:10.7910/DVN/IIYGGX	all	ok
doi:10.7910/DVN/ZJQZH5	all	ok
doi:10.7910/DVN/XKMNAO	all	ok
doi:10.7910/DVN/BE99YA	all	ok
doi:10.7910/DVN/KIVXRA	all	ok
doi:10.7910/DVN/OL3EVW	3423670	checksum error
doi:10.7910/DVN/OL3EVW	3423671	checksum error
doi:10.7910/DVN/OL3EVW	3423677	checksum error
doi:10.7910/DVN/QKGBSE	all	ok
doi:10.7910/DVN/D5CQA7	all	ok
doi:10.7910/DVN/DCKXHT	all	ok
doi:10.7910/DVN/XRZW4O	all	ok
doi:10.7910/DVN/FRPRDP	all	ok
doi:10.7910/DVN/9SUPHG	all	ok
doi:10.7910/DVN/I6DUQY	all	ok
doi:10.7910/DVN/R8PNCP	all	ok
doi:10.7910/DVN/FAU3VR	all	ok
doi:10.7910/DVN/PDPQFB	all	ok
doi:10.7910/DVN/JAOQSD	all	ok
doi:10.7910/DVN/HZNJRU	all	ok
doi:10.7910/DVN/XWMSHO	all	ok
doi:10.7910/DVN/XIT20Z	all	ok
doi:10.7910/DVN/XZJRA2	all	ok
doi:10.7910/DVN/GPRVC6	all	ok
doi:10.7910/DVN/HUZ1CD	all	ok
doi:10.7910/DVN/FYJ6YT	all	ok
doi:10.7910/DVN/MWGOZS	all	ok
doi:10.7910/DVN/DAE3PG	all	ok
doi:10.7910/DVN/CXSECU	all	ok
doi:10.7910/DVN/JQEAG2	all	ok
doi:10.7910/DVN/THXYMC	all	ok
doi:10.7910/DVN/RQZ3HJ	all	ok
doi:10.7910/DVN/UHWZXX	all	ok
doi:10.7910/DVN/IK9MQE	all	ok
doi:10.7910/DVN/YBCZHI	all	ok
doi:10.7910/DVN/5XM0XM	all	ok
doi:10.7910/DVN/IIYY15	all	ok
doi:10.7910/DVN/LF9H7Q	all	ok
doi:10.7910/DVN/VTA5OA	all	ok
doi:10.7910/DVN/KMUYUK	all	ok
doi:10.7910/DVN/VWDGHT	all	ok
doi:10.7910/DVN/AGRX5U	all	ok
doi:10.7910/DVN/ZELWZ7	all	ok
doi:10.7910/DVN/JNMDCO	all	ok
doi:10.7910/DVN/AAI7VA	3429746	checksum error
doi:10.7910/DVN/AAI7VA	3429747	checksum error
doi:10.7910/DVN/NLMJIP	all	ok
doi:10.7910/DVN/SJBWC3	all	ok
doi:10.7910/DVN/NUGAJB	3583793	checksum error
doi:10.7910/DVN/NUGAJB	3583794	checksum error
doi:10.7910/DVN/NUGAJB	3583795	checksum error
doi:10.7910/DVN/GSMBFX	all	ok
doi:10.7910/DVN/CLOTQP	all	ok
doi:10.7910/DVN/JZZWER	all	ok
doi:10.7910/DVN/7UBRAC	all	ok
doi:10.7910/DVN/YFQE9W	all	ok
doi:10.7910/DVN/FTFJTV	all	ok
doi:10.7910/DVN/14RSGX	all	ok
doi:10.7910/DVN/RBECVN	3324176	checksum error
doi:10.7910/DVN/RBECVN	3324177	checksum error
doi:10.7910/DVN/RBECVN	3324178	checksum error
doi:10.7910/DVN/RBECVN	3324179	checksum error
doi:10.7910/DVN/RBECVN	3324180	checksum error
doi:10.7910/DVN/RBECVN	3324181	checksum error
doi:10.7910/DVN/RBECVN	3324182	checksum error
doi:10.7910/DVN/BXBJFW	all	ok
doi:10.7910/DVN/AIPWNU	all	ok
doi:10.7910/DVN/RHFPVV	all	ok
doi:10.7910/DVN/CMQYMO	all	ok
doi:10.7910/DVN/XHCWHE	all	ok
doi:10.7910/DVN/86YEER	all	ok
doi:10.7910/DVN/AIF4PI	all	ok
doi:10.7910/DVN/GTFAQW	all	ok
doi:10.7910/DVN/BPGCF0	all	ok
doi:10.7910/DVN/22O4DB	all	ok
doi:10.7910/DVN/ER4KD1	all	ok
doi:10.7910/DVN/M68ULI	all	ok
doi:10.7910/DVN/GXXKU0	all	ok
doi:10.7910/DVN/OFQUAN	all	ok
doi:10.7910/DVN/FB3O9W	all	ok
doi:10.7910/DVN/EHVA7Y	all	ok
doi:10.7910/DVN/BONQSQ	all	ok
doi:10.7910/DVN/8E1IIM	all	ok
doi:10.7910/DVN/MZUOWG	all	ok
doi:10.7910/DVN/PPVW17	all	ok
doi:10.7910/DVN/T7PXKJ	all	ok
doi:10.7910/DVN/3EONKV	all	ok
doi:10.7910/DVN/O5LNTG	all	ok
doi:10.7910/DVN/YRAJHO	all	ok
doi:10.7910/DVN/XUVHCH	all	ok
doi:10.7910/DVN/L0SO7L	all	ok
doi:10.7910/DVN/ADRRNX	all	ok
doi:10.7910/DVN/QPVRNG	all	ok
doi:10.7910/DVN/MUFCFA	all	ok
doi:10.7910/DVN/9OP7YH	all	ok
doi:10.7910/DVN/5J4YZZ	3774088	checksum error
doi:10.7910/DVN/5J4YZZ	3774089	checksum error
doi:10.7910/DVN/IGLWYD	all	ok
doi:10.7910/DVN/FAAMAX	all	ok
doi:10.7910/DVN/XPCVEI	all	ok
doi:10.7910/DVN/M7FYU8	all	ok
doi:10.7910/DVN/NDJFNZ	3157707	checksum error
doi:10.7910/DVN/NDJFNZ	3157708	checksum error
doi:10.7910/DVN/NDJFNZ	3157709	checksum error
doi:10.7910/DVN/NDJFNZ	3157710	checksum error
doi:10.7910/DVN/NDJFNZ	3157711	checksum error
doi:10.7910/DVN/NDJFNZ	3157712	checksum error
doi:10.7910/DVN/NDJFNZ	3157713	checksum error
doi:10.7910/DVN/NDJFNZ	3157714	checksum error
doi:10.7910/DVN/NDJFNZ	3157715	checksum error
doi:10.7910/DVN/NDJFNZ	3157716	checksum error
doi:10.7910/DVN/NDJFNZ	3157905	checksum error
doi:10.7910/DVN/NDJFNZ	3157907	checksum error
doi:10.7910/DVN/BSYAK5	all	ok
doi:10.7910/DVN/74N5YH	all	ok
doi:10.7910/DVN/MGAVHG	all	ok
doi:10.7910/DVN/2IT7IF	all	ok
doi:10.7910/DVN/4NVGLS	all	ok
doi:10.7910/DVN/5MUUMN	all	ok
doi:10.7910/DVN/YTWNA2	all	ok
doi:10.7910/DVN/NWHYIQ	all	ok
doi:10.7910/DVN/GBNGDF	all	ok
doi:10.7910/DVN/PZKBUX	all	ok
doi:10.7910/DVN/9IK577	all	ok
doi:10.7910/DVN/GBZZXL	all	ok
doi:10.7910/DVN/RT5HRL	all	ok
doi:10.7910/DVN/2HCGWN	all	ok
doi:10.7910/DVN/UO5WQ4	all	ok
doi:10.7910/DVN/53KIX8	all	ok
doi:10.7910/DVN/CRPAA8	all	ok
doi:10.7910/DVN/2JCJLX	all	ok
doi:10.7910/DVN/SJI4IA	all	ok
doi:10.7910/DVN/FLXHAZ	all	ok
doi:10.7910/DVN/H9X2AB	all	ok
doi:10.7910/DVN/A785G7	all	ok
doi:10.7910/DVN/LH7RM3	3336522	checksum error
doi:10.7910/DVN/NN0TSC	2999802	checksum error
doi:10.7910/DVN/NN0TSC	3001390	checksum error
doi:10.7910/DVN/NN0TSC	3001404	checksum error
doi:10.7910/DVN/NN0TSC	3001856	checksum error
doi:10.7910/DVN/NN0TSC	3001857	checksum error
doi:10.7910/DVN/NN0TSC	3001859	checksum error
doi:10.7910/DVN/NN0TSC	3001861	checksum error
doi:10.7910/DVN/NN0TSC	3001864	checksum error
doi:10.7910/DVN/NN0TSC	3001865	checksum error
doi:10.7910/DVN/NN0TSC	3001872	checksum error
doi:10.7910/DVN/NN0TSC	3001877	checksum error
doi:10.7910/DVN/NN0TSC	3001881	checksum error
doi:10.7910/DVN/NN0TSC	3002249	checksum error
doi:10.7910/DVN/NN0TSC	3002253	checksum error
doi:10.7910/DVN/NN0TSC	3002259	checksum error
doi:10.7910/DVN/NN0TSC	3003973	checksum error
doi:10.7910/DVN/NN0TSC	3007002	checksum error
doi:10.7910/DVN/6LTHVZ	all	ok
doi:10.7910/DVN/W8TQHB	all	ok
doi:10.7910/DVN/OZ7YZ1	all	ok
doi:10.7910/DVN/ZIWLCJ	all	ok
doi:10.7910/DVN/VSVBTP	all	ok
doi:10.7910/DVN/37ZBCF	all	ok
doi:10.7910/DVN/HGW60I	all	ok
doi:10.7910/DVN/ZLFP3A	all	ok
doi:10.7910/DVN/0VIYXT	all	ok
doi:10.7910/DVN/NOWHWG	all	ok
doi:10.7910/DVN/HUEPQJ	all	ok
doi:10.7910/DVN/C15VOD	all	ok
doi:10.7910/DVN/6L6JHG	all	ok
doi:10.7910/DVN/MV8SWC	all	ok
doi:10.7910/DVN/DI5O9H	all	ok
doi:10.7910/DVN/0BPVCH	all	ok
doi:10.7910/DVN/IUB62M	all	ok
doi:10.7910/DVN/ART3M9	all	ok
doi:10.7910/DVN/NKGCNA	all	ok
doi:10.7910/DVN/FPYKTP	all	ok
doi:10.7910/DVN/2ZRRX2	all	ok
doi:10.7910/DVN/N3WF2P	all	ok
doi:10.7910/DVN/RXDTTS	all	ok
doi:10.7910/DVN/C2QO6J	all	ok
doi:10.7910/DVN/VEPHLS	all	ok
doi:10.7910/DVN/P5TAFD	all	ok
doi:10.7910/DVN/SYSQDB	all	ok
doi:10.7910/DVN/SBHNSW	all	ok
doi:10.7910/DVN/HIIMRK	all	ok
doi:10.7910/DVN/XG6QQX	all	ok
doi:10.7910/DVN/QGZY0B	all	ok
doi:10.7910/DVN/AJ7Q9B	all	ok
doi:10.7910/DVN/O6VHZZ	all	ok
doi:10.7910/DVN/GL2WN8	all	ok
doi:10.7910/DVN/HREANC	all	ok
doi:10.7910/DVN/LVNZE2	all	ok
doi:10.7910/DVN/HGIHGC	all	ok
doi:10.7910/DVN/WNMLPA	all	ok
doi:10.7910/DVN/2LY2WB	all	ok
doi:10.7910/DVN/PT2IB9	all	ok
doi:10.7910/DVN/WKCZ9Z	all	ok
doi:10.7910/DVN/0QOVCH	all	ok
doi:10.7910/DVN/DE0OVP	all	ok
doi:10.7910/DVN/VGSSNX	all	ok
doi:10.7910/DVN/LA4RAC	all	ok
doi:10.7910/DVN/3QNR8Q	all	ok
doi:10.7910/DVN/DZ1NFG	all	ok
doi:10.7910/DVN/NGHM1Y	all	ok
doi:10.7910/DVN/3GBS1I	all	ok
doi:10.7910/DVN/JGGUZE	all	ok
doi:10.7910/DVN/CQXHTH	all	ok
doi:10.7910/DVN/WDMSOL	all	ok
doi:10.7910/DVN/QXCFO2	all	ok
doi:10.7910/DVN/5CYWWF	all	ok
doi:10.7910/DVN/G4SZXG	all	ok
doi:10.7910/DVN/QRWFKX	all	ok
doi:10.7910/DVN/KGHEU4	all	ok
doi:10.7910/DVN/SV9B3E	all	ok
doi:10.7910/DVN/Z5RBBT	all	ok
doi:10.7910/DVN/MSV9AS	all	ok
doi:10.7910/DVN/4JXJWI	all	ok
doi:10.7910/DVN/AXCVFN	all	ok
doi:10.7910/DVN/DW7Y5W	all	ok
doi:10.7910/DVN/CC2AU2	all	ok
doi:10.7910/DVN/1VDZE9	all	ok
doi:10.7910/DVN/9V0LLB	all	ok
doi:10.7910/DVN/B8JYZW	all	ok
doi:10.7910/DVN/LBUXPQ	all	ok
doi:10.7910/DVN/W03YWD	all	ok
doi:10.7910/DVN/CFPBRI	all	ok
doi:10.7910/DVN/ABSCFP	all	ok
doi:10.7910/DVN/3AA5CQ	all	ok
doi:10.7910/DVN/80J7OL	all	ok
doi:10.7910/DVN/MTELU8	all	ok
doi:10.7910/DVN/GYNPF8	all	ok
doi:10.7910/DVN/OBDQ3H	all	ok
doi:10.7910/DVN/XKOVUN	all	ok
doi:10.7910/DVN/RZWQQK	all	ok
doi:10.7910/DVN/GS3IKP	all	ok
doi:10.7910/DVN/8TP2S7	all	ok
doi:10.7910/DVN/XQY6CZ	all	ok
doi:10.7910/DVN/XTJRQN	all	ok
doi:10.7910/DVN/RPHJBO	all	ok
doi:10.7910/DVN/GYIS2O	2826253	checksum error
doi:10.7910/DVN/GYIS2O	2826254	checksum error
doi:10.7910/DVN/GYIS2O	2826255	checksum error
doi:10.7910/DVN/GYIS2O	2826256	checksum error
doi:10.7910/DVN/GYIS2O	2826257	checksum error
doi:10.7910/DVN/GYIS2O	2826258	checksum error
doi:10.7910/DVN/GYIS2O	2826259	checksum error
doi:10.7910/DVN/GYIS2O	2826260	checksum error
doi:10.7910/DVN/GYIS2O	2826261	checksum error
doi:10.7910/DVN/GYIS2O	2826262	checksum error
doi:10.7910/DVN/GYIS2O	2826264	checksum error
doi:10.7910/DVN/GYIS2O	2826265	checksum error
doi:10.7910/DVN/GYIS2O	2826376	checksum error
doi:10.7910/DVN/GYIS2O	2826377	checksum error
doi:10.7910/DVN/ZBRTJH	all	ok
doi:10.7910/DVN/ZBTIIK	all	ok
doi:10.7910/DVN/GQQUQU	all	ok
doi:10.7910/DVN/0DOFEF	all	ok
doi:10.7910/DVN/0UDCQC	all	ok
doi:10.7910/DVN/NH4CRS	all	ok
doi:10.7910/DVN/J7HUX3	all	ok
doi:10.7910/DVN/AMJXCB	all	ok
doi:10.7910/DVN/7SXKSF	all	ok
doi:10.7910/DVN/OQ64S8	all	ok
doi:10.7910/DVN/QOD8ZU	all	ok
doi:10.7910/DVN/TIIHB8	all	ok
doi:10.7910/DVN/JQMMVD	all	ok
doi:10.7910/DVN/1IWN5N	all	ok
doi:10.7910/DVN/DSDD7W	all	ok
doi:10.7910/DVN/ECBF7Y	all	ok
doi:10.7910/DVN/EA011Q	all	ok
doi:10.7910/DVN/1KIEXG	all	ok
doi:10.7910/DVN/TT17NY	all	ok
doi:10.7910/DVN/CGH7BR	all	ok
doi:10.7910/DVN/QTG6FQ	all	ok
doi:10.7910/DVN/T6GPSX	all	ok
doi:10.7910/DVN/BVWFG1	all	ok
doi:10.7910/DVN/SYYMJ0	all	ok
doi:10.7910/DVN/LQNCBW	all	ok
doi:10.7910/DVN/RJW5VN	all	ok
doi:10.7910/DVN/7QHIXX	all	ok
doi:10.7910/DVN/NOYBCQ	all	ok
doi:10.7910/DVN/CXKAQA	all	ok
doi:10.7910/DVN/ZRZGTT	all	ok
doi:10.7910/DVN/MWJHD2	all	ok
doi:10.7910/DVN/MLTXHB	all	ok
doi:10.7910/DVN/BWPNVP	all	ok
doi:10.7910/DVN/URSNLH	all	ok
doi:10.7910/DVN/PUIJIU	all	ok
doi:10.7910/DVN/W4XWVU	all	ok
doi:10.7910/DVN/ZUH3UG	all	ok
doi:10.7910/DVN/2NDL6R	all	ok
doi:10.7910/DVN/4S2NIW	all	ok
doi:10.7910/DVN/1LAK3R	all	ok
doi:10.7910/DVN/4RQWXW	all	ok
doi:10.7910/DVN/EPBIDE	all	ok
doi:10.7910/DVN/ORH029	2685946	checksum error
doi:10.7910/DVN/2DLCPZ	all	ok
doi:10.7910/DVN/TALNRF	all	ok
doi:10.7910/DVN/ENFMZY	all	ok
doi:10.7910/DVN/X7PCPB	all	ok
doi:10.7910/DVN/JRDCUN	all	ok
doi:10.7910/DVN/FSN6ZY	all	ok
doi:10.7910/DVN/WAEHOI	all	ok
doi:10.7910/DVN/2JDGQT	all	ok
doi:10.7910/DVN/USKUR2	all	ok
doi:10.7910/DVN/OU552V	all	ok
doi:10.7910/DVN/YMMSIC	all	ok
doi:10.7910/DVN/CF44OW	all	ok
doi:10.7910/DVN/RDQZUM	all	ok
doi:10.7910/DVN/JTLAIG	all	ok
doi:10.7910/DVN/NC06GQ	all	ok
doi:10.7910/DVN/JERJ0C	all	ok
doi:10.7910/DVN/Y0YCO9	all	ok
doi:10.7910/DVN/NX5QIU	all	ok
doi:10.7910/DVN/W2CXVU	all	ok
doi:10.7910/DVN/EMM5MP	all	ok
doi:10.7910/DVN/6RCYDU	all	ok
doi:10.7910/DVN/SKGWTS	all	ok
doi:10.7910/DVN/AEENUD	all	ok
doi:10.7910/DVN/QKJHCI	all	ok
doi:10.7910/DVN/H13U6G	all	ok
doi:10.7910/DVN/BEQRZC	all	ok
doi:10.7910/DVN/KSSFDI	all	ok
doi:10.7910/DVN/WPKTKJ	all	ok
doi:10.7910/DVN/CKLIY1	all	ok
doi:10.7910/DVN/OOLBO9	all	ok
doi:10.7910/DVN/PQUUEF	all	ok
doi:10.7910/DVN/BPIXRS	all	ok
doi:10.7910/DVN/NQ32VR	all	ok
doi:10.7910/DVN/GOSVG6	all	ok
doi:10.7910/DVN/YLVI5Z	all	ok
doi:10.7910/DVN/KYQSY8	all	ok
doi:10.7910/DVN/Q8VDN0	all	ok
doi:10.7910/DVN/UYXRI8	all	ok
doi:10.7910/DVN/YAIXFQ	all	ok
doi:10.7910/DVN/KFIKH8	all	ok
doi:10.7910/DVN/GNCDZR	all	ok
doi:10.7910/DVN/DUW1QY	all	ok
doi:10.7910/DVN/24CXA7	all	ok
doi:10.7910/DVN/TTCTIY	all	ok
doi:10.7910/DVN/TYD3EC	all	ok
doi:10.7910/DVN/U4Q0FR	all	ok
doi:10.7910/DVN/ELUQVD	2839305	checksum error
doi:10.7910/DVN/ELUQVD	2839306	checksum error
doi:10.7910/DVN/ELUQVD	2839307	checksum error
doi:10.7910/DVN/ELUQVD	2839308	checksum error
doi:10.7910/DVN/ELUQVD	2839309	checksum error
doi:10.7910/DVN/ELUQVD	2839310	checksum error
doi:10.7910/DVN/ELUQVD	2839311	checksum error
doi:10.7910/DVN/ELUQVD	2839312	checksum error
doi:10.7910/DVN/ELUQVD	2839315	checksum error
doi:10.7910/DVN/ELUQVD	2839316	checksum error
doi:10.7910/DVN/ELUQVD	2848251	checksum error
doi:10.7910/DVN/ELUQVD	2848252	checksum error
doi:10.7910/DVN/ELUQVD	2848253	checksum error
doi:10.7910/DVN/ELUQVD	2848254	checksum error
doi:10.7910/DVN/J0G6K3	all	ok
doi:10.7910/DVN/JTAXAD	all	ok
doi:10.7910/DVN/2PAZJX	all	ok
doi:10.7910/DVN/XZEI7M	all	ok
doi:10.7910/DVN/NOFKNI	all	ok
doi:10.7910/DVN/CX6BKT	all	ok
doi:10.7910/DVN/4R6NEQ	all	ok
doi:10.7910/DVN/IS2KTU	all	ok
doi:10.7910/DVN/WSJX0X	all	ok
doi:10.7910/DVN/KL0FDF	all	ok
doi:10.7910/DVN/HVKKHL	all	ok
doi:10.7910/DVN/YDBMNI	all	ok
doi:10.7910/DVN/S6B7SE	all	ok
doi:10.7910/DVN/3SLMJY	all	ok
doi:10.7910/DVN/VWBTL5	all	ok
doi:10.7910/DVN/YGKKRU	all	ok
doi:10.7910/DVN/UN54HD	2682198	checksum error
doi:10.7910/DVN/UN54HD	2682201	checksum error
doi:10.7910/DVN/UN54HD	2682203	checksum error
doi:10.7910/DVN/UN54HD	2682205	checksum error
doi:10.7910/DVN/UN54HD	2682206	checksum error
doi:10.7910/DVN/UN54HD	2682209	checksum error
doi:10.7910/DVN/UN54HD	2682211	checksum error
doi:10.7910/DVN/UN54HD	2682213	checksum error
doi:10.7910/DVN/UN54HD	2682220	checksum error
doi:10.7910/DVN/UN54HD	2682221	checksum error
doi:10.7910/DVN/UN54HD	2682222	checksum error
doi:10.7910/DVN/UN54HD	2682223	checksum error
doi:10.7910/DVN/UN54HD	2682225	checksum error
doi:10.7910/DVN/UN54HD	2682227	checksum error
doi:10.7910/DVN/UN54HD	2682229	checksum error
doi:10.7910/DVN/UN54HD	2682231	checksum error
doi:10.7910/DVN/UN54HD	2682232	checksum error
doi:10.7910/DVN/UN54HD	2682233	checksum error
doi:10.7910/DVN/UN54HD	2682234	checksum error
doi:10.7910/DVN/UN54HD	2682235	checksum error
doi:10.7910/DVN/UN54HD	2682239	checksum error
doi:10.7910/DVN/UN54HD	2682242	checksum error
doi:10.7910/DVN/UN54HD	2682245	checksum error
doi:10.7910/DVN/CTMZX8	all	ok
doi:10.7910/DVN/VGNMQP	all	ok
doi:10.7910/DVN/Q5QINN	all	ok
doi:10.7910/DVN/NYONTD	all	ok
doi:10.7910/DVN/B4XDZP	all	ok
doi:10.7910/DVN/JUCGYS	all	ok
doi:10.7910/DVN/GITJQ4	all	ok
doi:10.7910/DVN/YYZCA0	all	ok
doi:10.7910/DVN/HKDFTY	all	ok
doi:10.7910/DVN/26VAXI	all	ok
doi:10.7910/DVN/LG3DWV	all	ok
doi:10.7910/DVN/AEOMG5	all	ok
doi:10.7910/DVN/GAASQW	all	ok
doi:10.7910/DVN/NCV3EX	all	ok
doi:10.7910/DVN/VVX0K7	all	ok
doi:10.7910/DVN/PBHNHR	all	ok
doi:10.7910/DVN/UQZUPO	all	ok
doi:10.7910/DVN/9Q5DFZ	all	ok
doi:10.7910/DVN/LQ8B4W	all	ok
doi:10.7910/DVN/61JSZQ	all	ok
doi:10.7910/DVN/WUQRIQ	all	ok
doi:10.7910/DVN/Y5Y6VD	all	ok
doi:10.7910/DVN/2V2LGK	all	ok
doi:10.7910/DVN/URXZX5	all	ok
doi:10.7910/DVN/YAPXVG	all	ok
doi:10.7910/DVN/NZQIWM	all	ok
doi:10.7910/DVN/WKJMZY	all	ok
doi:10.7910/DVN/G76EDS	all	ok
doi:10.7910/DVN/KYVPKZ	all	ok
doi:10.7910/DVN/Y8KIUK	all	ok
doi:10.7910/DVN/MS8XES	all	ok
doi:10.7910/DVN/MTQEE1	all	ok
doi:10.7910/DVN/LVPPP7	all	ok
doi:10.7910/DVN/KSKR7F	all	ok
doi:10.7910/DVN/XVCKRS	all	ok
doi:10.7910/DVN/WQWUAL	all	ok
doi:10.7910/DVN/GF65E4	all	ok
doi:10.7910/DVN/NPQF5G	all	ok
doi:10.7910/DVN/Q86FEQ	all	ok
doi:10.7910/DVN/ISEJMI	all	ok
doi:10.7910/DVN/GCBZXY	all	ok
doi:10.7910/DVN/OK5PUL	all	ok
doi:10.7910/DVN/F08NDH	all	ok
doi:10.7910/DVN/5KM8VO	all	ok
doi:10.7910/DVN/U23L09	all	ok
doi:10.7910/DVN/BIJWCU	all	ok
doi:10.7910/DVN/XQTCHB	all	ok
doi:10.7910/DVN/INVDWM	all	ok
doi:10.7910/DVN/OIQA8Y	2826318	checksum error
doi:10.7910/DVN/OIQA8Y	2826319	checksum error
doi:10.7910/DVN/OIQA8Y	2826320	checksum error
doi:10.7910/DVN/OIQA8Y	2826321	checksum error
doi:10.7910/DVN/OIQA8Y	2826322	checksum error
doi:10.7910/DVN/OIQA8Y	2826323	checksum error
doi:10.7910/DVN/OIQA8Y	2826324	checksum error
doi:10.7910/DVN/OIQA8Y	2826325	checksum error
doi:10.7910/DVN/OIQA8Y	2826326	checksum error
doi:10.7910/DVN/OIQA8Y	2826327	checksum error
doi:10.7910/DVN/OIQA8Y	2826328	checksum error
doi:10.7910/DVN/OIQA8Y	2826329	checksum error
doi:10.7910/DVN/OIQA8Y	2826330	checksum error
doi:10.7910/DVN/OIQA8Y	2826331	checksum error
doi:10.7910/DVN/OIQA8Y	2826332	checksum error
doi:10.7910/DVN/OIQA8Y	2826333	checksum error
doi:10.7910/DVN/OIQA8Y	2826334	checksum error
doi:10.7910/DVN/OIQA8Y	2826335	checksum error
doi:10.7910/DVN/OIQA8Y	2826336	checksum error
doi:10.7910/DVN/OIQA8Y	2826337	checksum error
doi:10.7910/DVN/OIQA8Y	2826338	checksum error
doi:10.7910/DVN/OIQA8Y	2826339	checksum error
doi:10.7910/DVN/OIQA8Y	2826340	checksum error
doi:10.7910/DVN/OIQA8Y	2826341	checksum error
doi:10.7910/DVN/OIQA8Y	2826342	checksum error
doi:10.7910/DVN/OIQA8Y	2826343	checksum error
doi:10.7910/DVN/OIQA8Y	2826344	checksum error
doi:10.7910/DVN/OIQA8Y	2826345	checksum error
doi:10.7910/DVN/J2YRUN	all	ok
doi:10.7910/DVN/HJSQNL	all	ok
doi:10.7910/DVN/VJLWTZ	all	ok
doi:10.7910/DVN/OW7M4S	all	ok
doi:10.7910/DVN/25641	all	ok
doi:10.7910/DVN/J0VEYF	3014575	checksum error
doi:10.7910/DVN/J0VEYF	3014576	checksum error
doi:10.7910/DVN/J0VEYF	3014577	checksum error
doi:10.7910/DVN/J0VEYF	3014578	checksum error
doi:10.7910/DVN/J0VEYF	3014579	checksum error
doi:10.7910/DVN/J0VEYF	3014580	checksum error
doi:10.7910/DVN/J0VEYF	3014581	checksum error
doi:10.7910/DVN/MM2VWC	all	ok
doi:10.7910/DVN/QO6EMT	all	ok
doi:10.7910/DVN/K8SC39	all	ok
doi:10.7910/DVN/EY2I6M	all	ok
doi:10.7910/DVN/TCOFXX	all	ok
doi:10.7910/DVN/GUAFU0	all	ok
doi:10.7910/DVN/XONPX2	all	ok
doi:10.7910/DVN/5LYJNZ	all	ok
doi:10.7910/DVN/M98FXF	all	ok
doi:10.7910/DVN/6GPLRU	all	ok
doi:10.7910/DVN/TYSETW	all	ok
doi:10.7910/DVN/CL0RU2	all	ok
doi:10.7910/DVN/TFV1HT	all	ok
doi:10.7910/DVN/5DLNMA	all	ok
doi:10.7910/DVN/A3M7PY	all	ok
doi:10.7910/DVN/B1HHGV	all	ok
doi:10.7910/DVN/0MOPI4	all	ok
doi:10.7910/DVN/XNXZGB	all	ok
doi:10.7910/DVN/A8WOCU	all	ok
doi:10.7910/DVN/ENOEQS	all	ok
doi:10.7910/DVN/UDGOFR	all	ok
doi:10.7910/DVN/OABGY2	all	ok
doi:10.7910/DVN/52UGJT	all	ok
doi:10.7910/DVN/ZVQ90X	all	ok
doi:10.7910/DVN/G7EOGT	all	ok
doi:10.7910/DVN/NUERNZ	all	ok
doi:10.7910/DVN/KNXKIY	all	ok
doi:10.7910/DVN/MRIWOI	all	ok
doi:10.7910/DVN/5DPHSO	all	ok
doi:10.7910/DVN/OVLKN9	all	ok
doi:10.7910/DVN/BFLOTT	all	ok
doi:10.7910/DVN/7D48YB	all	ok
doi:10.7910/DVN/DF4DFH	all	ok
doi:10.7910/DVN/BJIAKI	all	ok
doi:10.7910/DVN/N9TTIA	all	ok
doi:10.7910/DVN/5CBVXA	3618460	checksum error
doi:10.7910/DVN/O7HHKB	all	ok
doi:10.7910/DVN/AESELE	all	ok
doi:10.7910/DVN/XQ9RJT	all	ok
doi:10.7910/DVN/PLLBQJ	all	ok
doi:10.7910/DVN/8AKACJ	all	ok
doi:10.7910/DVN/CMK05F	all	ok
doi:10.7910/DVN/MXKRDE	all	ok
doi:10.7910/DVN/8VBGXO	all	ok
doi:10.7910/DVN/QMBTPP	all	ok
doi:10.7910/DVN/IKVXOM	all	ok
doi:10.7910/DVN/96WYRS	all	ok
doi:10.7910/DVN/BBVSBU	all	ok
doi:10.7910/DVN/T17S0X	all	ok
doi:10.7910/DVN/K8MWBX	all	ok
doi:10.7910/DVN/K2TLDB	all	ok
doi:10.7910/DVN/FS90RJ	all	ok
doi:10.7910/DVN/0KL6JK	all	ok
doi:10.7910/DVN/IUG9LC	all	ok
doi:10.7910/DVN/E2187A	all	ok
doi:10.7910/DVN/ACFAKL	3979267	checksum error
doi:10.7910/DVN/DSZHIP	all	ok
doi:10.7910/DVN/NZIVED	all	ok
doi:10.7910/DVN/QXWX4Q	all	ok
doi:10.7910/DVN/KUNWOP	all	ok
doi:10.7910/DVN/0O1GW1	all	ok
doi:10.7910/DVN/2TCFTF	all	ok
doi:10.7910/DVN/GOWSAQ	all	ok
doi:10.7910/DVN/VGWNP9	all	ok
doi:10.7910/DVN/EUQMPP	all	ok
doi:10.7910/DVN/PBLRV6	all	ok
doi:10.7910/DVN/ZQBVJ0	all	ok
doi:10.7910/DVN/ZAD5UE	all	ok
doi:10.7910/DVN/2YZO3K	all	ok
doi:10.7910/DVN/MPQGZP	3550236	checksum error
doi:10.7910/DVN/LJIO0F	all	ok
doi:10.7910/DVN/MUJHGR	2722860	checksum error
doi:10.7910/DVN/MUJHGR	2722861	checksum error
doi:10.7910/DVN/MUJHGR	2722862	checksum error
doi:10.7910/DVN/MUJHGR	2722863	checksum error
doi:10.7910/DVN/MUJHGR	2722864	checksum error
doi:10.7910/DVN/MUJHGR	2722865	checksum error
doi:10.7910/DVN/MUJHGR	2722866	checksum error
doi:10.7910/DVN/4MTMXW	all	ok
doi:10.7910/DVN/KKQFKA	all	ok
doi:10.7910/DVN/COXYJQ	all	ok
doi:10.7910/DVN/5DYMJL	all	ok
doi:10.7910/DVN/6Q0UJO	all	ok
doi:10.7910/DVN/OOIEAO	all	ok
doi:10.7910/DVN/VD7DDR	all	ok
doi:10.7910/DVN/NJHQ8Y	all	ok
doi:10.7910/DVN/PAW3RR	all	ok
doi:10.7910/DVN/AW6L1P	all	ok
doi:10.7910/DVN/VZAKYC	all	ok
doi:10.7910/DVN/WVBZNE	3455068	checksum error
doi:10.7910/DVN/PAO1LI	all	ok
doi:10.7910/DVN/3KOQWQ	all	ok
doi:10.7910/DVN/GSDZNV	all	ok
doi:10.7910/DVN/EYME7H	all	ok
doi:10.7910/DVN/9SF3TI	all	ok
doi:10.7910/DVN/XZ0IZE	all	ok
doi:10.7910/DVN/PHHZI7	all	ok
doi:10.7910/DVN/XNOARV	all	ok
doi:10.7910/DVN/LNM0D9	all	ok
doi:10.7910/DVN/CEJSVJ	all	ok
doi:10.7910/DVN/QZNGVJ	all	ok
doi:10.7910/DVN/OJVSY9	all	ok
doi:10.7910/DVN/ZMYDWN	all	ok
doi:10.7910/DVN/RYHXMW	all	ok
doi:10.7910/DVN/44XF6M	all	ok
doi:10.7910/DVN/VSLUQX	all	ok
doi:10.7910/DVN/BZ9Z2D	all	ok
doi:10.7910/DVN/OSSY4B	all	ok
doi:10.7910/DVN/SS4LNN	all	ok
doi:10.7910/DVN/Q7V70C	all	ok
doi:10.7910/DVN/DNWDSR	all	ok
doi:10.7910/DVN/EMLHCT	all	ok
doi:10.7910/DVN/MUDDIH	all	ok
doi:10.7910/DVN/3IC00L	all	ok
doi:10.7910/DVN/UDVEXN	all	ok
doi:10.7910/DVN/MYRDQC	all	ok
doi:10.7910/DVN/PEXMHA	all	ok
doi:10.7910/DVN/2FM7Z3	all	ok
doi:10.7910/DVN/O0JVDU	all	ok
doi:10.7910/DVN/494H10	all	ok
doi:10.7910/DVN/CTZNJV	all	ok
doi:10.7910/DVN/CSNTTG	all	ok
doi:10.7910/DVN/BLVJJH	all	ok
doi:10.7910/DVN/HI1X4O	all	ok
doi:10.7910/DVN/X3586I	all	ok
doi:10.7910/DVN/Q2M1AS	all	ok
doi:10.7910/DVN/URMQXW	all	ok
doi:10.7910/DVN/XYYAQC	all	ok
doi:10.7910/DVN/YFLR9W	all	ok
doi:10.7910/DVN/KVTPVX	all	ok
doi:10.7910/DVN/IBK1LH	all	ok
doi:10.7910/DVN/24122	all	ok
doi:10.7910/DVN/UMSSKG	all	ok
doi:10.7910/DVN/O824I7	all	ok
doi:10.7910/DVN/0DLNBL	all	ok
doi:10.7910/DVN/SIUWVJ	all	ok
doi:10.7910/DVN/JP2JHH	all	ok
doi:10.7910/DVN/ZTTCOX	all	ok
doi:10.7910/DVN/SBOMZD	all	ok
doi:10.7910/DVN/KDKPJQ	all	ok
doi:10.7910/DVN/NW8RCM	all	ok
doi:10.7910/DVN/ZKNZRJ	all	ok
doi:10.7910/DVN/W1YJZQ	all	ok
doi:10.7910/DVN/OY86T9	all	ok
doi:10.7910/DVN/UFL6MI	all	ok
doi:10.7910/DVN/7PAB1N	all	ok
doi:10.7910/DVN/IYBIUP	all	ok
doi:10.7910/DVN/KZRWPM	2809558	checksum error
doi:10.7910/DVN/KZRWPM	2809559	checksum error
doi:10.7910/DVN/KZRWPM	2809560	checksum error
doi:10.7910/DVN/KZRWPM	2809561	checksum error
doi:10.7910/DVN/KZRWPM	2809562	checksum error
doi:10.7910/DVN/KZRWPM	2809563	checksum error
doi:10.7910/DVN/KZRWPM	2809564	checksum error
doi:10.7910/DVN/KZRWPM	2809565	checksum error
doi:10.7910/DVN/KZRWPM	2809566	checksum error
doi:10.7910/DVN/KZRWPM	2809567	checksum error
doi:10.7910/DVN/DH1IUI	all	ok
doi:10.7910/DVN/92SKA2	all	ok
doi:10.7910/DVN/1EMHTK	all	ok
doi:10.7910/DVN/FMJDCD	all	ok
doi:10.7910/DVN/UQSZDY	all	ok
doi:10.7910/DVN/UODSVV	all	ok
doi:10.7910/DVN/TG2AOT	all	ok
doi:10.7910/DVN/6IGSOV	3822580	checksum error
doi:10.7910/DVN/6IGSOV	3822582	checksum error
doi:10.7910/DVN/6IGSOV	3822583	checksum error
doi:10.7910/DVN/6IGSOV	3822584	checksum error
doi:10.7910/DVN/6IGSOV	3822585	checksum error
doi:10.7910/DVN/6IGSOV	3822587	checksum error
doi:10.7910/DVN/6IGSOV	3822588	checksum error
doi:10.7910/DVN/6IGSOV	3822589	checksum error
doi:10.7910/DVN/6IGSOV	3822590	checksum error
doi:10.7910/DVN/6IGSOV	3822591	checksum error
doi:10.7910/DVN/6IGSOV	3822594	checksum error
doi:10.7910/DVN/6IGSOV	3822595	checksum error
doi:10.7910/DVN/6IGSOV	3822596	checksum error
doi:10.7910/DVN/6IGSOV	3822597	checksum error
doi:10.7910/DVN/6IGSOV	3822598	checksum error
doi:10.7910/DVN/6IGSOV	3822599	checksum error
doi:10.7910/DVN/6IGSOV	3822600	checksum error
doi:10.7910/DVN/6IGSOV	3822602	checksum error
doi:10.7910/DVN/6IGSOV	3822603	checksum error
doi:10.7910/DVN/6IGSOV	3822605	checksum error
doi:10.7910/DVN/6IGSOV	3822607	checksum error
doi:10.7910/DVN/6IGSOV	3822608	checksum error
doi:10.7910/DVN/6IGSOV	3822609	checksum error
doi:10.7910/DVN/6IGSOV	3822610	checksum error
doi:10.7910/DVN/6IGSOV	3822611	checksum error
doi:10.7910/DVN/6IGSOV	3822612	checksum error
doi:10.7910/DVN/6IGSOV	3822613	checksum error
doi:10.7910/DVN/6IGSOV	3822614	checksum error
doi:10.7910/DVN/6IGSOV	3822615	checksum error
doi:10.7910/DVN/6IGSOV	3822616	checksum error
doi:10.7910/DVN/6IGSOV	3822617	checksum error
doi:10.7910/DVN/6IGSOV	3822618	checksum error
doi:10.7910/DVN/6IGSOV	3822619	checksum error
doi:10.7910/DVN/6IGSOV	3822621	checksum error
doi:10.7910/DVN/6IGSOV	3822622	checksum error
doi:10.7910/DVN/6IGSOV	3822623	checksum error
doi:10.7910/DVN/6IGSOV	3822624	checksum error
doi:10.7910/DVN/6IGSOV	3822625	checksum error
doi:10.7910/DVN/6IGSOV	3822627	checksum error
doi:10.7910/DVN/6IGSOV	3822628	checksum error
doi:10.7910/DVN/6IGSOV	3822630	checksum error
doi:10.7910/DVN/6IGSOV	3822631	checksum error
doi:10.7910/DVN/6IGSOV	3822632	checksum error
doi:10.7910/DVN/6IGSOV	3822633	checksum error
doi:10.7910/DVN/6IGSOV	3822634	checksum error
doi:10.7910/DVN/ZOUXHF	all	ok
doi:10.7910/DVN/ZFLG25	all	ok
doi:10.7910/DVN/XX1KYY	all	ok
doi:10.7910/DVN/C6QTF2	all	ok
doi:10.7910/DVN/EEZBDE	all	ok
doi:10.7910/DVN/HIQ4BV	all	ok
doi:10.7910/DVN/DDIWGS	all	ok
doi:10.7910/DVN/V7TQOZ	all	ok
doi:10.7910/DVN/UDZZSH	all	ok
doi:10.7910/DVN/WN3EDC	all	ok
doi:10.7910/DVN/LD8MDG	all	ok
doi:10.7910/DVN/HD7UUU	all	ok
doi:10.7910/DVN/1GDKSV	all	ok
doi:10.7910/DVN/HMGNSP	all	ok
doi:10.7910/DVN/QJEV1J	all	ok
doi:10.7910/DVN/5WOMCQ	all	ok
doi:10.7910/DVN/VPZZCQ	all	ok
doi:10.7910/DVN/MLH2FY	all	ok
doi:10.7910/DVN/8YWCF9	all	ok
doi:10.7910/DVN/D5VRDE	all	ok
doi:10.7910/DVN/1Q2Z92	all	ok
doi:10.7910/DVN/4YU9LJ	all	ok
doi:10.7910/DVN/59F366	all	ok
doi:10.7910/DVN/RTJ02G	all	ok
doi:10.7910/DVN/X6TKOO	all	ok
doi:10.7910/DVN/FXVVDQ	all	ok
doi:10.7910/DVN/A3ROXD	all	ok
doi:10.7910/DVN/RZTWFD	all	ok
doi:10.7910/DVN/MPBGXL	all	ok
doi:10.7910/DVN/6WY3LI	all	ok
doi:10.7910/DVN/9RTI0V	all	ok
doi:10.7910/DVN/C1XYRJ	all	ok
doi:10.7910/DVN/S3K4RH	all	ok
doi:10.7910/DVN/J3DGWA	all	ok
doi:10.7910/DVN/9P0GXR	all	ok
doi:10.7910/DVN/Z66XXP	all	ok
doi:10.7910/DVN/PWVLTU	2732027	checksum error
doi:10.7910/DVN/PWVLTU	2732033	checksum error
doi:10.7910/DVN/PWVLTU	2732035	checksum error
doi:10.7910/DVN/PWVLTU	2732036	checksum error
doi:10.7910/DVN/PWVLTU	2732043	checksum error
doi:10.7910/DVN/PWVLTU	2732047	checksum error
doi:10.7910/DVN/PWVLTU	2732048	checksum error
doi:10.7910/DVN/PWVLTU	2732049	checksum error
doi:10.7910/DVN/PWVLTU	2732060	checksum error
doi:10.7910/DVN/PWVLTU	2732065	checksum error
doi:10.7910/DVN/PWVLTU	2732066	checksum error
doi:10.7910/DVN/PWVLTU	2732077	checksum error
doi:10.7910/DVN/PWVLTU	2732078	checksum error
doi:10.7910/DVN/PWVLTU	2732081	checksum error
doi:10.7910/DVN/PWVLTU	2732096	checksum error
doi:10.7910/DVN/PWVLTU	2732099	checksum error
doi:10.7910/DVN/PWVLTU	2732101	checksum error
doi:10.7910/DVN/PWVLTU	2732106	checksum error
doi:10.7910/DVN/SYOKZW	all	ok
doi:10.7910/DVN/RZPNLY	all	ok
doi:10.7910/DVN/H6RZA7	all	ok
doi:10.7910/DVN/RJWU7A	all	ok
doi:10.7910/DVN/Z02C8Y	all	ok
doi:10.7910/DVN/HUZGPJ	all	ok
doi:10.7910/DVN/MIB7AG	all	ok
doi:10.7910/DVN/HWLW0J	all	ok
doi:10.7910/DVN/JWTBUG	all	ok
doi:10.7910/DVN/LMW871	all	ok
doi:10.7910/DVN/26935	2493899	checksum error
doi:10.7910/DVN/HT1WSA	all	ok
doi:10.7910/DVN/QQ2FV9	all	ok
doi:10.7910/DVN/61JJI3	all	ok
doi:10.7910/DVN/O6HR6R	all	ok
doi:10.7910/DVN/PVQVWD	all	ok
doi:10.7910/DVN/H7QR3Q	all	ok
doi:10.7910/DVN/VE6VSR	all	ok
doi:10.7910/DVN/FHTQL5	all	ok
doi:10.7910/DVN/TDMTRV	all	ok
doi:10.7910/DVN/0FXKKX	all	ok
doi:10.7910/DVN/KYSD5S	all	ok
doi:10.7910/DVN/DY1282	all	ok
doi:10.7910/DVN/B1EJBO	3382011	checksum error
doi:10.7910/DVN/1QJCDJ	all	ok
doi:10.7910/DVN/MJKCHZ	all	ok
doi:10.7910/DVN/PYIFPF	all	ok
doi:10.7910/DVN/A47LUM	all	ok
doi:10.7910/DVN/I42PPJ	all	ok
doi:10.7910/DVN/8FK7PC	all	ok
doi:10.7910/DVN/W9DGRR	all	ok
doi:10.7910/DVN/CQMMTS	all	ok
doi:10.7910/DVN/YLENUI	all	ok
doi:10.7910/DVN/9QUMY3	all	ok
doi:10.7910/DVN/L2GSK6	all	ok
doi:10.7910/DVN/IYAX3D	all	ok
doi:10.7910/DVN/JTO5PG	all	ok
doi:10.7910/DVN/RYNSDG	all	ok
doi:10.7910/DVN/THNDTR	all	ok
doi:10.7910/DVN/BZN2QC	all	ok
doi:10.7910/DVN/1ANAKP	all	ok
doi:10.7910/DVN/F43LHM	all	ok
doi:10.7910/DVN/OI4U3L	all	ok
doi:10.7910/DVN/UVTZZV	all	ok
doi:10.7910/DVN/LVYOKM	2677328	checksum error
doi:10.7910/DVN/7FYH0T	all	ok
doi:10.7910/DVN/PMKK9S	all	ok
doi:10.7910/DVN/BZ5BLZ	all	ok
doi:10.7910/DVN/PUIVRF	all	ok
doi:10.7910/DVN/UXIBNO	all	ok
doi:10.7910/DVN/6NVI9C	all	ok
doi:10.7910/DVN/CRLCQG	all	ok
doi:10.7910/DVN/MZIKCS	all	ok
doi:10.7910/DVN/RRF7EU	all	ok
doi:10.7910/DVN/0PTKDP	all	ok
doi:10.7910/DVN/Q5PV4U	all	ok
doi:10.7910/DVN/X7J1WC	all	ok
doi:10.7910/DVN/PUIROM	all	ok
doi:10.7910/DVN/RWIHSL	all	ok
doi:10.7910/DVN/4LIO9F	all	ok
doi:10.7910/DVN/ELZZ8V	all	ok
doi:10.7910/DVN/ORDLXK	all	ok
doi:10.7910/DVN/EZSJ1S	all	ok
doi:10.7910/DVN/LKFOMW	all	ok
doi:10.7910/DVN/6NDYHC	all	ok
doi:10.7910/DVN/IK3DGT	all	ok
doi:10.7910/DVN/XRP3IU	all	ok
doi:10.7910/DVN/M0NRLN	all	ok
doi:10.7910/DVN/VSS3KO	all	ok
doi:10.7910/DVN/L2IOZO	all	ok
doi:10.7910/DVN/BBDYUZ	all	ok
doi:10.7910/DVN/WG8VCK	all	ok
doi:10.7910/DVN/MLUEAJ	all	ok
doi:10.7910/DVN/GS8IFM	all	ok
doi:10.7910/DVN/JIYR8A	all	ok
doi:10.7910/DVN/1MGPNZ	all	ok
doi:10.7910/DVN/ZJTLSW	all	ok
doi:10.7910/DVN/ITVLIK	all	ok
doi:10.7910/DVN/GJTFKQ	all	ok
doi:10.7910/DVN/ORTDUM	all	ok
doi:10.7910/DVN/ZIO43M	all	ok
doi:10.7910/DVN/P4VOCQ	all	ok
doi:10.7910/DVN/9WPVEY	all	ok
doi:10.7910/DVN/VBYWOP	all	ok
doi:10.7910/DVN/M7JKP6	all	ok
doi:10.7910/DVN/QFWIHD	all	ok
doi:10.7910/DVN/EAXI4K	all	ok
doi:10.7910/DVN/LBO6KC	all	ok
doi:10.7910/DVN/2QCPOI	all	ok
doi:10.7910/DVN/EHR4QG	all	ok
doi:10.7910/DVN/Y2EMIO	all	ok
doi:10.7910/DVN/ZLEFIB	all	ok
doi:10.7910/DVN/18QB3V	3378468	checksum error
doi:10.7910/DVN/18QB3V	3378469	checksum error
doi:10.7910/DVN/18QB3V	3378470	checksum error
doi:10.7910/DVN/18QB3V	3378471	checksum error
doi:10.7910/DVN/18QB3V	3379734	checksum error
doi:10.7910/DVN/PBQRGQ	all	ok
doi:10.7910/DVN/HVRCKM	all	ok
doi:10.7910/DVN/FP8THH	all	ok
doi:10.7910/DVN/UQOMMF	all	ok
doi:10.7910/DVN/VC4EXB	all	ok
doi:10.7910/DVN/5D4UAY	all	ok
doi:10.7910/DVN/HQKQCQ	all	ok
doi:10.7910/DVN/CKCTJS	all	ok
doi:10.7910/DVN/IM4UE3	all	ok
doi:10.7910/DVN/EHRNTO	all	ok
doi:10.7910/DVN/E6D8RI	all	ok
doi:10.7910/DVN/OE6TS2	3346974	checksum error
doi:10.7910/DVN/OE6TS2	3346975	checksum error
doi:10.7910/DVN/OE6TS2	3347004	checksum error
doi:10.7910/DVN/OE6TS2	3349357	checksum error
doi:10.7910/DVN/RAMHWP	all	ok
doi:10.7910/DVN/P3HJGS	all	ok
doi:10.7910/DVN/D5DEHM	all	ok
doi:10.7910/DVN/BCQM3Y	all	ok
doi:10.7910/DVN/7K3RJC	all	ok
doi:10.7910/DVN/KH9N7W	all	ok
doi:10.7910/DVN/LJN4BO	all	ok
doi:10.7910/DVN/FRBXQW	all	ok
doi:10.7910/DVN/AJBJPM	all	ok
doi:10.7910/DVN/INUMDT	all	ok
doi:10.7910/DVN/QQBARG	all	ok
doi:10.7910/DVN/UNIGJT	all	ok
doi:10.7910/DVN/AYXQIJ	all	ok
doi:10.7910/DVN/OXIOI9	all	ok
doi:10.7910/DVN/Z7DN56	all	ok
doi:10.7910/DVN/CKLJL3	all	ok
doi:10.7910/DVN/TPGPCR	all	ok
doi:10.7910/DVN/PJTOCG	all	ok
doi:10.7910/DVN/Q2Z5NV	all	ok
doi:10.7910/DVN/GIYFMV	all	ok
doi:10.7910/DVN/7WIRJ7	all	ok
doi:10.7910/DVN/LZGQOH	all	ok
doi:10.7910/DVN/TPAB95	all	ok
doi:10.7910/DVN/KMQVUA	all	ok
doi:10.7910/DVN/QV7AJH	all	ok
doi:10.7910/DVN/GJIBCB	all	ok
doi:10.7910/DVN/JIYDQT	all	ok
doi:10.7910/DVN/96AJMC	all	ok
doi:10.7910/DVN/D9H5LH	all	ok
doi:10.7910/DVN/XYUWYJ	all	ok
doi:10.7910/DVN/5MYZKI	all	ok
doi:10.7910/DVN/LUJC8I	all	ok
doi:10.7910/DVN/CAEEG7	all	ok
doi:10.7910/DVN/1Y2DLT	all	ok
doi:10.7910/DVN/LWFP30	all	ok
doi:10.7910/DVN/EHGCOF	all	ok
doi:10.7910/DVN/V2HIVR	all	ok
doi:10.7910/DVN/NQVP7K	all	ok
doi:10.7910/DVN/OZEQ77	all	ok
doi:10.7910/DVN/JPE2BY	all	ok
doi:10.7910/DVN/KJVJUW	all	ok
doi:10.7910/DVN/QLKRGD	all	ok
doi:10.7910/DVN/BQMLQW	all	ok
doi:10.7910/DVN/1AZYRE	all	ok
doi:10.7910/DVN/96C154	all	ok
doi:10.7910/DVN/TGIX8T	all	ok
doi:10.7910/DVN/KTGFRE	all	ok
doi:10.7910/DVN/360D4O	all	ok
doi:10.7910/DVN/C8AMXR	all	ok
doi:10.7910/DVN/HMI4WY	3493105	checksum error
doi:10.7910/DVN/P7RVGF	all	ok
doi:10.7910/DVN/USIYOG	all	ok
doi:10.7910/DVN/5UMCKK	3080259	checksum error
doi:10.7910/DVN/OTDDYP	all	ok
doi:10.7910/DVN/TPW36W	all	ok
doi:10.7910/DVN/LEFLDF	all	ok
doi:10.7910/DVN/FRGHVR	all	ok
doi:10.7910/DVN/MUFWVT	all	ok
doi:10.7910/DVN/QPRZD4	all	ok
doi:10.7910/DVN/RRBPUD	all	ok
doi:10.7910/DVN/CMCZBR	all	ok
doi:10.7910/DVN/FODCXX	all	ok
doi:10.7910/DVN/MCV1LU	all	ok
doi:10.7910/DVN/VNZWPQ	all	ok
doi:10.7910/DVN/T1DDVF	all	ok
doi:10.7910/DVN/VEZQVS	all	ok
doi:10.7910/DVN/OGVWDE	all	ok
doi:10.7910/DVN/28763	all	ok
doi:10.7910/DVN/GUAY8P	all	ok
doi:10.7910/DVN/KOM12J	all	ok
doi:10.7910/DVN/CKTAZX	all	ok
doi:10.7910/DVN/ROUWNS	all	ok
doi:10.7910/DVN/W9VWAJ	all	ok
doi:10.7910/DVN/C4WHUJ	all	ok
doi:10.7910/DVN/UHIFDK	all	ok
doi:10.7910/DVN/1JNPUA	all	ok
doi:10.7910/DVN/T1TELH	all	ok
doi:10.7910/DVN/VSN1O0	2995312	checksum error
doi:10.7910/DVN/MYDZNF	all	ok
doi:10.7910/DVN/SCN9LA	all	ok
doi:10.7910/DVN/GB0OA1	all	ok
doi:10.7910/DVN/EVM78E	all	ok
doi:10.7910/DVN/WM3X3D	all	ok
doi:10.7910/DVN/DAR56O	all	ok
doi:10.7910/DVN/EBF7XW	all	ok
doi:10.7910/DVN/RPZLMY	all	ok
doi:10.7910/DVN/Q8CSU8	all	ok
doi:10.7910/DVN/9JR8YO	all	ok
doi:10.7910/DVN/SVAONZ	all	ok
doi:10.7910/DVN/PVNEPJ	all	ok
doi:10.7910/DVN/KVIJSY	all	ok
doi:10.7910/DVN/TMVVDO	all	ok
doi:10.7910/DVN/TXEFZI	all	ok
doi:10.7910/DVN/SK8AGA	all	ok
doi:10.7910/DVN/THCWHJ	all	ok
doi:10.7910/DVN/QYQNBJ	all	ok
doi:10.7910/DVN/VSVMY7	all	ok
doi:10.7910/DVN/UZSCUT	all	ok
doi:10.7910/DVN/TOJ1UH	all	ok
doi:10.7910/DVN/KMMN1B	all	ok
doi:10.7910/DVN/ZSBLXF	all	ok
doi:10.7910/DVN/QVOPRT	all	ok
doi:10.7910/DVN/WLVZQH	all	ok
doi:10.7910/DVN/Y7KGDK	all	ok
doi:10.7910/DVN/AY32JZ	all	ok
doi:10.7910/DVN/XLYTC7	all	ok
doi:10.7910/DVN/C1SICS	all	ok
doi:10.7910/DVN/SQH6IF	all	ok
doi:10.7910/DVN/HJ4KH7	all	ok
doi:10.7910/DVN/MPLQUI	all	ok
doi:10.7910/DVN/SLXRVJ	all	ok
doi:10.7910/DVN/JX0ESJ	all	ok
doi:10.7910/DVN/VA3N1L	all	ok
doi:10.7910/DVN/VVDOUK	all	ok
doi:10.7910/DVN/CMVB4Q	all	ok
doi:10.7910/DVN/811M8C	all	ok
doi:10.7910/DVN/DNDSPS	all	ok
doi:10.7910/DVN/N6CT4V	all	ok
doi:10.7910/DVN/MT7XU0	all	ok
doi:10.7910/DVN/PEKMYL	all	ok
doi:10.7910/DVN/PL6RHK	all	ok
doi:10.7910/DVN/V8U06V	all	ok
doi:10.7910/DVN/8NXI0I	all	ok
doi:10.7910/DVN/YCXXCW	all	ok
doi:10.7910/DVN/SEOCQ0	all	ok
doi:10.7910/DVN/HDGUDZ	all	ok
doi:10.7910/DVN/U8NMJZ	all	ok
doi:10.7910/DVN/VGWY3L	all	ok
doi:10.7910/DVN/KBMBJP	all	ok
doi:10.7910/DVN/ZAYG8D	all	ok
doi:10.7910/DVN/QN94IG	all	ok
doi:10.7910/DVN/EKNEIH	all	ok
doi:10.7910/DVN/5AJGH4	all	ok
doi:10.7910/DVN/0HDTYM	all	ok
doi:10.7910/DVN/L55JBL	all	ok
doi:10.7910/DVN/OTEWG2	all	ok
doi:10.7910/DVN/O11QZU	all	ok
doi:10.7910/DVN/M4DWZ3	all	ok
doi:10.7910/DVN/FFBNBU	all	ok
doi:10.7910/DVN/EP7DXB	all	ok
doi:10.7910/DVN/7BLIA3	all	ok
doi:10.7910/DVN/CFT901	all	ok
doi:10.7910/DVN/Z7H44N	all	ok
doi:10.7910/DVN/OZTK8P	all	ok
doi:10.7910/DVN/LFFJRV	3126265	checksum error
doi:10.7910/DVN/LFFJRV	3126266	checksum error
doi:10.7910/DVN/LFFJRV	3126267	checksum error
doi:10.7910/DVN/LFFJRV	3126268	checksum error
doi:10.7910/DVN/LFFJRV	3126269	checksum error
doi:10.7910/DVN/LFFJRV	3126270	checksum error
doi:10.7910/DVN/LFFJRV	3126271	checksum error
doi:10.7910/DVN/LFFJRV	3126272	checksum error
doi:10.7910/DVN/LFFJRV	3126273	checksum error
doi:10.7910/DVN/LFFJRV	3126274	checksum error
doi:10.7910/DVN/LFFJRV	3126275	checksum error
doi:10.7910/DVN/LFFJRV	3126276	checksum error
doi:10.7910/DVN/LFFJRV	3126277	checksum error
doi:10.7910/DVN/LFFJRV	3126278	checksum error
doi:10.7910/DVN/LFFJRV	3126279	checksum error
doi:10.7910/DVN/LFFJRV	3126280	checksum error
doi:10.7910/DVN/LFFJRV	3126281	checksum error
doi:10.7910/DVN/LFFJRV	3126282	checksum error
doi:10.7910/DVN/LFFJRV	3126283	checksum error
doi:10.7910/DVN/LFFJRV	3126284	checksum error
doi:10.7910/DVN/LFFJRV	3126285	checksum error
doi:10.7910/DVN/LFFJRV	3126286	checksum error
doi:10.7910/DVN/LFFJRV	3126287	checksum error
doi:10.7910/DVN/LFFJRV	3126288	checksum error
doi:10.7910/DVN/LFFJRV	3126289	checksum error
doi:10.7910/DVN/LFFJRV	3126290	checksum error
doi:10.7910/DVN/LFFJRV	3126291	checksum error
doi:10.7910/DVN/LFFJRV	3126292	checksum error
doi:10.7910/DVN/LFFJRV	3126293	checksum error
doi:10.7910/DVN/LFFJRV	3126294	checksum error
doi:10.7910/DVN/LFFJRV	3126295	checksum error
doi:10.7910/DVN/LFFJRV	3126296	checksum error
doi:10.7910/DVN/LFFJRV	3126297	checksum error
doi:10.7910/DVN/LFFJRV	3126298	checksum error
doi:10.7910/DVN/LFFJRV	3126299	checksum error
doi:10.7910/DVN/LFFJRV	3126300	checksum error
doi:10.7910/DVN/LFFJRV	3126301	checksum error
doi:10.7910/DVN/LFFJRV	3126302	checksum error
doi:10.7910/DVN/LFFJRV	3126303	checksum error
doi:10.7910/DVN/LFFJRV	3126304	checksum error
doi:10.7910/DVN/LFFJRV	3126305	checksum error
doi:10.7910/DVN/LFFJRV	3126306	checksum error
doi:10.7910/DVN/LFFJRV	3126307	checksum error
doi:10.7910/DVN/LFFJRV	3126308	checksum error
doi:10.7910/DVN/LFFJRV	3126309	checksum error
doi:10.7910/DVN/LFFJRV	3126310	checksum error
doi:10.7910/DVN/LFFJRV	3126311	checksum error
doi:10.7910/DVN/LFFJRV	3126312	checksum error
doi:10.7910/DVN/LFFJRV	3126313	checksum error
doi:10.7910/DVN/LFFJRV	3126314	checksum error
doi:10.7910/DVN/LFFJRV	3126315	checksum error
doi:10.7910/DVN/LFFJRV	3126316	checksum error
doi:10.7910/DVN/LFFJRV	3126317	checksum error
doi:10.7910/DVN/X9528P	all	ok
doi:10.7910/DVN/3ADWK8	all	ok
doi:10.7910/DVN/JXGZKX	all	ok
doi:10.7910/DVN/Z09KDS	all	ok
doi:10.7910/DVN/YDJZC0	all	ok
doi:10.7910/DVN/U6EC8N	all	ok
doi:10.7910/DVN/W8HUKY	all	ok
doi:10.7910/DVN/MUYFH1	all	ok
doi:10.7910/DVN/KOKLPH	all	ok
doi:10.7910/DVN/TWVXKZ	all	ok
doi:10.7910/DVN/L2JYUS	all	ok
doi:10.7910/DVN/PFSCIY	all	ok
doi:10.7910/DVN/PE8TWP	all	ok
doi:10.7910/DVN/TVLHQX	all	ok
doi:10.7910/DVN/VZSO5S	all	ok
doi:10.7910/DVN/567RS6	all	ok
doi:10.7910/DVN/IGYXEF	all	ok
doi:10.7910/DVN/EJWXAO	all	ok
doi:10.7910/DVN/1YG7BI	all	ok
doi:10.7910/DVN/QUGW8V	all	ok
doi:10.7910/DVN/26HDEO	all	ok
doi:10.7910/DVN/WUOAB7	all	ok
doi:10.7910/DVN/F6LJP8	all	ok
doi:10.7910/DVN/0K6LWF	all	ok
doi:10.7910/DVN/OJESO0	3123514	checksum error
doi:10.7910/DVN/OJESO0	3123515	checksum error
doi:10.7910/DVN/OJESO0	3123516	checksum error
doi:10.7910/DVN/OJESO0	3123519	checksum error
doi:10.7910/DVN/OJESO0	3123521	checksum error
doi:10.7910/DVN/OJESO0	3123522	checksum error
doi:10.7910/DVN/OJESO0	3123523	checksum error
doi:10.7910/DVN/OJESO0	3123524	checksum error
doi:10.7910/DVN/OJESO0	3123526	checksum error
doi:10.7910/DVN/OJESO0	3123527	checksum error
doi:10.7910/DVN/OJESO0	3123528	checksum error
doi:10.7910/DVN/OJESO0	3123529	checksum error
doi:10.7910/DVN/OJESO0	3123530	checksum error
doi:10.7910/DVN/OJESO0	3123531	checksum error
doi:10.7910/DVN/OJESO0	3130106	checksum error
doi:10.7910/DVN/OJESO0	3130107	checksum error
doi:10.7910/DVN/NEAG2L	all	ok
doi:10.7910/DVN/5QA9YS	all	ok
doi:10.7910/DVN/TALJOT	all	ok
doi:10.7910/DVN/INR9AQ	all	ok
doi:10.7910/DVN/NEZPZ6	all	ok
doi:10.7910/DVN/ZCRAS2	all	ok
doi:10.7910/DVN/GT6EJJ	all	ok
doi:10.7910/DVN/LPZLBF	all	ok
doi:10.7910/DVN/SMBFOZ	all	ok
doi:10.7910/DVN/SZ9YXZ	3242382	checksum error
doi:10.7910/DVN/SZ9YXZ	3242384	checksum error
doi:10.7910/DVN/SZ9YXZ	3242385	checksum error
doi:10.7910/DVN/SZ9YXZ	3316969	checksum error
doi:10.7910/DVN/T8OYHT	all	ok
doi:10.7910/DVN/ACYZIC	all	ok
doi:10.7910/DVN/8XU5R6	all	ok
doi:10.7910/DVN/LD6NL8	all	ok
doi:10.7910/DVN/AQB4MP	all	ok
doi:10.7910/DVN/FN7XIV	all	ok
doi:10.7910/DVN/LLHLEW	all	ok
doi:10.7910/DVN/CCUHUY	all	ok
doi:10.7910/DVN/DOP4UB	all	ok
doi:10.7910/DVN/MYJDHS	all	ok
doi:10.7910/DVN/G63OG9	all	ok
doi:10.7910/DVN/TZTW1J	all	ok
doi:10.7910/DVN/E0LSH2	all	ok
doi:10.7910/DVN/K6PRPG	all	ok
doi:10.7910/DVN/ZUE1BI	all	ok
doi:10.7910/DVN/M5QYVV	all	ok
doi:10.7910/DVN/WMRQ16	all	ok
doi:10.7910/DVN/59NTIL	all	ok
doi:10.7910/DVN/WXTUIL	all	ok
doi:10.7910/DVN/UN3KML	all	ok
doi:10.7910/DVN/4BPRUI	all	ok
doi:10.7910/DVN/88MXJS	all	ok
doi:10.7910/DVN/TRTXLP	all	ok
doi:10.7910/DVN/LGDIZD	all	ok
doi:10.7910/DVN/VJLVYU	all	ok
doi:10.7910/DVN/5JDXHS	all	ok
doi:10.7910/DVN/8XT86F	all	ok
doi:10.7910/DVN/E43MOQ	all	ok
doi:10.7910/DVN/VHNONI	all	ok
doi:10.7910/DVN/BGTAGA	all	ok
doi:10.7910/DVN/GHXJYL	all	ok
doi:10.7910/DVN/UUPZ6Z	all	ok
doi:10.7910/DVN/U3QJQZ	all	ok
doi:10.7910/DVN/PLEZWE	all	ok
doi:10.7910/DVN/JLRL6P	all	ok
doi:10.7910/DVN/8XUKIH	all	ok
doi:10.7910/DVN/WVFZGE	all	ok
doi:10.7910/DVN/LEVVHS	all	ok
doi:10.7910/DVN/UPMOHW	all	ok
doi:10.7910/DVN/N7D9LS	all	ok
doi:10.7910/DVN/3WGSR0	all	ok
doi:10.7910/DVN/WIRN6R	all	ok
doi:10.7910/DVN/KYOABG	all	ok
doi:10.7910/DVN/HNFYY0	all	ok
doi:10.7910/DVN/FV9AVG	all	ok
doi:10.7910/DVN/R3GZZW	all	ok
doi:10.7910/DVN/U1GGGQ	all	ok
doi:10.7910/DVN/5LAZ54	all	ok
doi:10.7910/DVN/SI5KBL	all	ok
doi:10.7910/DVN/KJCN21	all	ok
doi:10.7910/DVN/DKKP4I	all	ok
doi:10.7910/DVN/5KL1NQ	all	ok
doi:10.7910/DVN/JN22VJ	all	ok
doi:10.7910/DVN/XBFBBJ	all	ok
doi:10.7910/DVN/56EZPS	all	ok
doi:10.7910/DVN/AOTVAU	all	ok
doi:10.7910/DVN/P0AEHQ	all	ok
doi:10.7910/DVN/RTJ38N	all	ok
doi:10.7910/DVN/26584	all	ok
doi:10.7910/DVN/WX6ZPC	all	ok
doi:10.7910/DVN/VO7WW5	all	ok
doi:10.7910/DVN/II7FGU	all	ok
doi:10.7910/DVN/JOCRPU	all	ok
doi:10.7910/DVN/PNDP4V	all	ok
doi:10.7910/DVN/GYMPE7	all	ok
doi:10.7910/DVN/T24N31	all	ok
doi:10.7910/DVN/JNEQYJ	all	ok
doi:10.7910/DVN/WYA1S2	all	ok
doi:10.7910/DVN/PRIRVH	all	ok
doi:10.7910/DVN/ZATAJM	all	ok
doi:10.7910/DVN/J8SXIZ	all	ok
doi:10.7910/DVN/03CDTK	all	ok
doi:10.7910/DVN/COYUWP	all	ok
doi:10.7910/DVN/JPYYLA	all	ok
doi:10.7910/DVN/YTZZIT	all	ok
doi:10.7910/DVN/LNUSBB	all	ok
doi:10.7910/DVN/XUOHQU	all	ok
doi:10.7910/DVN/EEUTHP	all	ok
doi:10.7910/DVN/5P03UL	all	ok
doi:10.7910/DVN/N5EGWL	all	ok
doi:10.7910/DVN/8DQFXQ	all	ok
doi:10.7910/DVN/MOTEJH	2918463	checksum error
doi:10.7910/DVN/PGFOXW	all	ok
doi:10.7910/DVN/NNK0CQ	all	ok
doi:10.7910/DVN/L3NT6P	all	ok
doi:10.7910/DVN/A2EIZC	all	ok
doi:10.7910/DVN/2JT5JK	all	ok
doi:10.7910/DVN/VKLZ2V	all	ok
doi:10.7910/DVN/D8S4UY	all	ok
doi:10.7910/DVN/ZEVYO1	all	ok
doi:10.7910/DVN/KWM3CY	all	ok
doi:10.7910/DVN/2F8CWX	all	ok
doi:10.7910/DVN/9AMKHL	all	ok
doi:10.7910/DVN/NWFACJ	all	ok
doi:10.7910/DVN/REUOXC	all	ok
doi:10.7910/DVN/J4MKWF	all	ok
doi:10.7910/DVN/YLW1AZ	all	ok
doi:10.7910/DVN/VZLM35	all	ok
doi:10.7910/DVN/LVGYYW	3238612	checksum error
doi:10.7910/DVN/JMAQLD	3154163	checksum error
doi:10.7910/DVN/JMAQLD	3154164	checksum error
doi:10.7910/DVN/JMAQLD	3154165	checksum error
doi:10.7910/DVN/JMAQLD	3154166	checksum error
doi:10.7910/DVN/JMAQLD	3154167	checksum error
doi:10.7910/DVN/JMAQLD	3154168	checksum error
doi:10.7910/DVN/JMAQLD	3154169	checksum error
doi:10.7910/DVN/JMAQLD	3154170	checksum error
doi:10.7910/DVN/JMAQLD	3154171	checksum error
doi:10.7910/DVN/JMAQLD	3154172	checksum error
doi:10.7910/DVN/JMAQLD	3154173	checksum error
doi:10.7910/DVN/JMAQLD	3154174	checksum error
doi:10.7910/DVN/JMAQLD	3154175	checksum error
doi:10.7910/DVN/JMAQLD	3154176	checksum error
doi:10.7910/DVN/JMAQLD	3154177	checksum error
doi:10.7910/DVN/JMAQLD	3154178	checksum error
doi:10.7910/DVN/JMAQLD	3154179	checksum error
doi:10.7910/DVN/JMAQLD	3154180	checksum error
doi:10.7910/DVN/JMAQLD	3154181	checksum error
doi:10.7910/DVN/JMAQLD	3154182	checksum error
doi:10.7910/DVN/JMAQLD	3154183	checksum error
doi:10.7910/DVN/3IHOLN	all	ok
doi:10.7910/DVN/QWVACY	all	ok
doi:10.7910/DVN/ZBZPV3	all	ok
doi:10.7910/DVN/WT4I9N	all	ok
doi:10.7910/DVN/3YCVOF	all	ok
doi:10.7910/DVN/YAWIJB	all	ok
doi:10.7910/DVN/AZHTBT	all	ok
doi:10.7910/DVN/FR4HOU	all	ok
doi:10.7910/DVN/PJOMF1	all	ok
doi:10.7910/DVN/3JA2GK	all	ok
doi:10.7910/DVN/QQHBHY	all	ok
doi:10.7910/DVN/C3OKEJ	all	ok
doi:10.7910/DVN/RRBQAU	all	ok
doi:10.7910/DVN/LNUYXZ	all	ok
doi:10.7910/DVN/OLTXFC	3452471	checksum error
doi:10.7910/DVN/IEX6BE	all	ok
doi:10.7910/DVN/HHWL1K	3017390	checksum error
doi:10.7910/DVN/HHWL1K	3017391	checksum error
doi:10.7910/DVN/HHWL1K	3017392	checksum error
doi:10.7910/DVN/8XPBSA	all	ok
doi:10.7910/DVN/MY6CVY	3892323	checksum error
doi:10.7910/DVN/MY6CVY	3892324	checksum error
doi:10.7910/DVN/MY6CVY	3892325	checksum error
doi:10.7910/DVN/MY6CVY	3892326	checksum error
doi:10.7910/DVN/MY6CVY	3892327	checksum error
doi:10.7910/DVN/MY6CVY	3892328	checksum error
doi:10.7910/DVN/MY6CVY	3892329	checksum error
doi:10.7910/DVN/MY6CVY	3892330	checksum error
doi:10.7910/DVN/MY6CVY	3892331	checksum error
doi:10.7910/DVN/MY6CVY	3892332	checksum error
doi:10.7910/DVN/MY6CVY	3892333	checksum error
doi:10.7910/DVN/MY6CVY	3892334	checksum error
doi:10.7910/DVN/MY6CVY	3892335	checksum error
doi:10.7910/DVN/MY6CVY	3892336	checksum error
doi:10.7910/DVN/MY6CVY	3892337	checksum error
doi:10.7910/DVN/MY6CVY	3892338	checksum error
doi:10.7910/DVN/MY6CVY	3892339	checksum error
doi:10.7910/DVN/MY6CVY	3892340	checksum error
doi:10.7910/DVN/MY6CVY	3892341	checksum error
doi:10.7910/DVN/MY6CVY	3892342	checksum error
doi:10.7910/DVN/MY6CVY	3892343	checksum error
doi:10.7910/DVN/MY6CVY	3892344	checksum error
doi:10.7910/DVN/MY6CVY	3892345	checksum error
doi:10.7910/DVN/MY6CVY	3892346	checksum error
doi:10.7910/DVN/MY6CVY	3892347	checksum error
doi:10.7910/DVN/MY6CVY	3892348	checksum error
doi:10.7910/DVN/MY6CVY	3892349	checksum error
doi:10.7910/DVN/MY6CVY	3892350	checksum error
doi:10.7910/DVN/MY6CVY	3892351	checksum error
doi:10.7910/DVN/MY6CVY	3892352	checksum error
doi:10.7910/DVN/MY6CVY	3892353	checksum error
doi:10.7910/DVN/OMUPIZ	all	ok
doi:10.7910/DVN/DVMT2R	all	ok
doi:10.7910/DVN/JYCAKM	all	ok
doi:10.7910/DVN/2IO3DL	all	ok
doi:10.7910/DVN/HSMCTX	all	ok
doi:10.7910/DVN/29489	all	ok
doi:10.7910/DVN/96DG2V	all	ok
doi:10.7910/DVN/R4LJIT	all	ok
doi:10.7910/DVN/HJF8UO	all	ok
doi:10.7910/DVN/3HDSM8	all	ok
doi:10.7910/DVN/DZ6XJH	all	ok
doi:10.7910/DVN/CLMQ8E	all	ok
doi:10.7910/DVN/WBI9RT	all	ok
doi:10.7910/DVN/GYHP2Q	all	ok
doi:10.7910/DVN/27KBWG	all	ok
doi:10.7910/DVN/GQK9MC	all	ok
doi:10.7910/DVN/OIBDLC	all	ok
doi:10.7910/DVN/35M5CV	all	ok
doi:10.7910/DVN/A5ECON	all	ok
doi:10.7910/DVN/O1PMGO	all	ok
doi:10.7910/DVN/0XEUCP	all	ok
doi:10.7910/DVN/KNKRNP	all	ok
doi:10.7910/DVN/OZGUH9	all	ok
doi:10.7910/DVN/S4IZ8K	all	ok
doi:10.7910/DVN/LCDBRU	all	ok
doi:10.7910/DVN/NSRG8T	all	ok
doi:10.7910/DVN/T9P4WG	all	ok
doi:10.7910/DVN/EX4NG2	all	ok
doi:10.7910/DVN/KQJKY0	all	ok
doi:10.7910/DVN/FEP8O2	all	ok
doi:10.7910/DVN/6N2PN4	all	ok
doi:10.7910/DVN/PSETMP	all	ok
doi:10.7910/DVN/NL5BBJ	all	ok
doi:10.7910/DVN/FFKC2P	all	ok
doi:10.7910/DVN/N1NUST	all	ok
doi:10.7910/DVN/ZFQMCP	all	ok
doi:10.7910/DVN/FUJGY1	all	ok
doi:10.7910/DVN/CORRXG	all	ok
doi:10.7910/DVN/OYI55F	all	ok
doi:10.7910/DVN/YLLX8V	all	ok
doi:10.7910/DVN/KOVT5Y	all	ok
doi:10.7910/DVN/P1UZGG	all	ok
doi:10.7910/DVN/0WKEHJ	all	ok
doi:10.7910/DVN/OUFGTX	all	ok
doi:10.7910/DVN/FGNBHX	all	ok
doi:10.7910/DVN/EJSXMK	all	ok
doi:10.7910/DVN/GMWOY6	all	ok
doi:10.7910/DVN/EUIGEO	all	ok
doi:10.7910/DVN/61DEUA	all	ok
doi:10.7910/DVN/8XSAZD	all	ok
doi:10.7910/DVN/UTJGTF	all	ok
doi:10.7910/DVN/IFZXDG	all	ok
doi:10.7910/DVN/WSUHI3	all	ok
doi:10.7910/DVN/PB8X8P	all	ok
doi:10.7910/DVN/XJ1UQK	all	ok
doi:10.7910/DVN/Y3IMBH	all	ok
doi:10.7910/DVN/2HXTR8	all	ok
doi:10.7910/DVN/MTHVD4	all	ok
doi:10.7910/DVN/LG2RLS	all	ok
doi:10.7910/DVN/ZVPP1H	all	ok
doi:10.7910/DVN/OJA7YS	all	ok
doi:10.7910/DVN/ZJTWVY	all	ok
doi:10.7910/DVN/QB1TUJ	all	ok
doi:10.7910/DVN/1WZCEA	all	ok
doi:10.7910/DVN/OAPCH9	all	ok
doi:10.7910/DVN/QXDOPZ	all	ok
doi:10.7910/DVN/8KQJBJ	all	ok
doi:10.7910/DVN/ZRUDFC	all	ok
doi:10.7910/DVN/JVBAWN	all	ok
doi:10.7910/DVN/S1IJEG	all	ok
doi:10.7910/DVN/PCRG1D	all	ok
doi:10.7910/DVN/DFRSKZ	all	ok
doi:10.7910/DVN/9AWUYJ	all	ok
doi:10.7910/DVN/DFPXHO	all	ok
doi:10.7910/DVN/PMPSWJ	all	ok
doi:10.7910/DVN/27864	all	ok
doi:10.7910/DVN/JM0QLY	all	ok
doi:10.7910/DVN/UVC4CI	all	ok
doi:10.7910/DVN/MP3HQU	all	ok
doi:10.7910/DVN/MGUYVO	all	ok
doi:10.7910/DVN/FYXNIM	all	ok
doi:10.7910/DVN/MQAWKE	all	ok
doi:10.7910/DVN/NNNPOU	all	ok
doi:10.7910/DVN/MVCLDA	all	ok
doi:10.7910/DVN/PG5FA9	all	ok
doi:10.7910/DVN/ZJG8EQ	all	ok
doi:10.7910/DVN/GSY2TA	all	ok
doi:10.7910/DVN/6KEXM7	all	ok
doi:10.7910/DVN/F6CVMG	all	ok
doi:10.7910/DVN/MNQ1IU	all	ok
doi:10.7910/DVN/HZTTY8	all	ok
doi:10.7910/DVN/YDGVJ4	all	ok
doi:10.7910/DVN/FEWFTX	all	ok
doi:10.7910/DVN/3UXBOJ	all	ok
doi:10.7910/DVN/AUX9W1	all	ok
doi:10.7910/DVN/OWUY5F	all	ok
doi:10.7910/DVN/DRVBZY	all	ok
doi:10.7910/DVN/2VFWT2	all	ok
doi:10.7910/DVN/5DX7DP	all	ok
doi:10.7910/DVN/E3FDAV	all	ok
doi:10.7910/DVN/DX4HLQ	all	ok
doi:10.7910/DVN/JDH6KR	all	ok
doi:10.7910/DVN/O6PQTW	all	ok
doi:10.7910/DVN/XO0FXY	all	ok
doi:10.7910/DVN/PVWSOY	all	ok
doi:10.7910/DVN/FXRIOS	all	ok
doi:10.7910/DVN/OJWRWM	all	ok
doi:10.7910/DVN/VNXEM6	all	ok
doi:10.7910/DVN/4C1KJT	all	ok
doi:10.7910/DVN/B2EGF3	all	ok
doi:10.7910/DVN/NGGAQ5	all	ok
doi:10.7910/DVN/CMKMGF	all	ok
doi:10.7910/DVN/CZYUJH	all	ok
doi:10.7910/DVN/PTKD7K	all	ok
doi:10.7910/DVN/SUS2KV	all	ok
doi:10.7910/DVN/PIV1KX	all	ok
doi:10.7910/DVN/OYORNJ	all	ok
doi:10.7910/DVN/XTXS4P	all	ok
doi:10.7910/DVN/FUC2AH	all	ok
doi:10.7910/DVN/NNJXDY	all	ok
doi:10.7910/DVN/CY7YWE	all	ok
doi:10.7910/DVN/JE6R2R	all	ok
doi:10.7910/DVN/QXM09F	all	ok
doi:10.7910/DVN/N2I9LC	all	ok
doi:10.7910/DVN/JJMCTA	all	ok
doi:10.7910/DVN/C8FMWZ	all	ok
doi:10.7910/DVN/ZCSCRI	all	ok
doi:10.7910/DVN/98FIZD	all	ok
doi:10.7910/DVN/PVPJWM	all	ok
doi:10.7910/DVN/RJF61A	all	ok
doi:10.7910/DVN/OVRHOG	all	ok
doi:10.7910/DVN/SRPTCV	all	ok
doi:10.7910/DVN/G9NOQO	all	ok
doi:10.7910/DVN/JGU9X5	all	ok
doi:10.7910/DVN/92GMLB	all	ok
doi:10.7910/DVN/PYWNTB	all	ok
doi:10.7910/DVN/XW0D8Q	all	ok
doi:10.7910/DVN/HJ10XP	all	ok
doi:10.7910/DVN/KJ6X76	all	ok
doi:10.7910/DVN/TLBTYD	all	ok
doi:10.7910/DVN/4VAHBW	all	ok
doi:10.7910/DVN/TR4OUK	all	ok
doi:10.7910/DVN/DO43V5	all	ok
doi:10.7910/DVN/0LCHKX	all	ok
doi:10.7910/DVN/BMKKTY	all	ok
doi:10.7910/DVN/QVLR1C	all	ok
doi:10.7910/DVN/FV8QQ9	all	ok
doi:10.7910/DVN/SO1CBG	all	ok
doi:10.7910/DVN/RSI8NR	all	ok
doi:10.7910/DVN/QSICEX	all	ok
doi:10.7910/DVN/EEMRS9	all	ok
doi:10.7910/DVN/WQRZHS	all	ok
doi:10.7910/DVN/YRGXYU	all	ok
doi:10.7910/DVN/F4LSCN	all	ok
doi:10.7910/DVN/PQHGIJ	all	ok
doi:10.7910/DVN/LPF2BK	all	ok
doi:10.7910/DVN/HER2YX	all	ok
doi:10.7910/DVN/XC4E1I	all	ok
doi:10.7910/DVN/LGBXWX	all	ok
doi:10.7910/DVN/GTSXC1	all	ok
doi:10.7910/DVN/CLW4NU	all	ok
doi:10.7910/DVN/TRIEF2	all	ok
doi:10.7910/DVN/MF2Q7U	all	ok
doi:10.7910/DVN/64PBG7	all	ok
doi:10.7910/DVN/Q0CXGA	all	ok
doi:10.7910/DVN/SWTEAN	all	ok
doi:10.7910/DVN/2HSIZ1	all	ok
doi:10.7910/DVN/T0W5IM	all	ok
doi:10.7910/DVN/KJV6OJ	all	ok
doi:10.7910/DVN/OEEF37	all	ok
doi:10.7910/DVN/NDJY0J	all	ok
doi:10.7910/DVN/S17DDJ	all	ok
doi:10.7910/DVN/9Z1URU	all	ok
doi:10.7910/DVN/ZQSBNA	all	ok
doi:10.7910/DVN/DIIQF7	all	ok
doi:10.7910/DVN/ICBCM2	all	ok
doi:10.7910/DVN/DFEH8S	all	ok
doi:10.7910/DVN/TAXCB3	all	ok
doi:10.7910/DVN/C1GTRV	all	ok
doi:10.7910/DVN/LUOZJL	all	ok
doi:10.7910/DVN/SREUHV	all	ok
doi:10.7910/DVN/DDQDMS	all	ok
doi:10.7910/DVN/F8YTX2	all	ok
doi:10.7910/DVN/MO3KOQ	all	ok
doi:10.7910/DVN/GJIRV0	all	ok
doi:10.7910/DVN/HS9HW3	all	ok
doi:10.7910/DVN/PGCVDP	all	ok
doi:10.7910/DVN/YTPJ1N	all	ok
doi:10.7910/DVN/TEFCBL	all	ok
doi:10.7910/DVN/BKN5EJ	all	ok
doi:10.7910/DVN/SCFL3L	all	ok
doi:10.7910/DVN/RG3OYS	all	ok
doi:10.7910/DVN/Z5BTCQ	all	ok
doi:10.7910/DVN/JGYOCZ	all	ok
doi:10.7910/DVN/BB6IFG	all	ok
doi:10.7910/DVN/VV12WS	all	ok
doi:10.7910/DVN/HCSQBD	all	ok
doi:10.7910/DVN/URHMUA	all	ok
doi:10.7910/DVN/J0GBTX	all	ok
doi:10.7910/DVN/NZCGYX	all	ok
doi:10.7910/DVN/PLVYXH	2676914	checksum error
doi:10.7910/DVN/PLVYXH	2676915	checksum error
doi:10.7910/DVN/YVCPDT	all	ok
doi:10.7910/DVN/6IOACK	all	ok
doi:10.7910/DVN/M046SB	all	ok
doi:10.7910/DVN/VTF26G	all	ok
doi:10.7910/DVN/MRWYC2	all	ok
doi:10.7910/DVN/6AAGM9	all	ok
doi:10.7910/DVN/RO34OK	2783635	checksum error
doi:10.7910/DVN/8GEYKS	all	ok
doi:10.7910/DVN/LFQZVU	all	ok
doi:10.7910/DVN/VOF11U	all	ok
doi:10.7910/DVN/4GPTTD	all	ok
doi:10.7910/DVN/BPQ4F4	3417167	checksum error
doi:10.7910/DVN/BPQ4F4	3417168	checksum error
doi:10.7910/DVN/BPQ4F4	3417169	checksum error
doi:10.7910/DVN/BPQ4F4	3417170	checksum error
doi:10.7910/DVN/BPQ4F4	3417171	checksum error
doi:10.7910/DVN/BPQ4F4	3417172	checksum error
doi:10.7910/DVN/BPQ4F4	3417173	checksum error
doi:10.7910/DVN/BPQ4F4	3417174	checksum error
doi:10.7910/DVN/BPQ4F4	3417175	checksum error
doi:10.7910/DVN/BPQ4F4	3417176	checksum error
doi:10.7910/DVN/BPQ4F4	3417177	checksum error
doi:10.7910/DVN/BPQ4F4	3417178	checksum error
doi:10.7910/DVN/BPQ4F4	3417179	checksum error
doi:10.7910/DVN/BPQ4F4	3417180	checksum error
doi:10.7910/DVN/BPQ4F4	3417181	checksum error
doi:10.7910/DVN/BPQ4F4	3417182	checksum error
doi:10.7910/DVN/BPQ4F4	3419192	checksum error
doi:10.7910/DVN/BPQ4F4	3419193	checksum error
doi:10.7910/DVN/BPQ4F4	3419194	checksum error
doi:10.7910/DVN/BPQ4F4	3419195	checksum error
doi:10.7910/DVN/BPQ4F4	3419196	checksum error
doi:10.7910/DVN/BPQ4F4	3419197	checksum error
doi:10.7910/DVN/BPQ4F4	3419198	checksum error
doi:10.7910/DVN/BPQ4F4	3419199	checksum error
doi:10.7910/DVN/BPQ4F4	3419200	checksum error
doi:10.7910/DVN/BPQ4F4	3419201	checksum error
doi:10.7910/DVN/BPQ4F4	3419202	checksum error
doi:10.7910/DVN/BPQ4F4	3419203	checksum error
doi:10.7910/DVN/BPQ4F4	3419204	checksum error
doi:10.7910/DVN/BPQ4F4	3419205	checksum error
doi:10.7910/DVN/BPQ4F4	3419206	checksum error
doi:10.7910/DVN/BPQ4F4	3419207	checksum error
doi:10.7910/DVN/BPQ4F4	3419208	checksum error
doi:10.7910/DVN/BPQ4F4	3419209	checksum error
doi:10.7910/DVN/BPQ4F4	3419210	checksum error
doi:10.7910/DVN/BPQ4F4	3419211	checksum error
doi:10.7910/DVN/BPQ4F4	3419212	checksum error
doi:10.7910/DVN/BPQ4F4	3419213	checksum error
doi:10.7910/DVN/BPQ4F4	3419214	checksum error
doi:10.7910/DVN/BPQ4F4	3419215	checksum error
doi:10.7910/DVN/BPQ4F4	3419216	checksum error
doi:10.7910/DVN/BPQ4F4	3419217	checksum error
doi:10.7910/DVN/BPQ4F4	3419218	checksum error
doi:10.7910/DVN/BPQ4F4	3419219	checksum error
doi:10.7910/DVN/BPQ4F4	3419220	checksum error
doi:10.7910/DVN/BPQ4F4	3419221	checksum error
doi:10.7910/DVN/BPQ4F4	3419222	checksum error
doi:10.7910/DVN/BPQ4F4	3419223	checksum error
doi:10.7910/DVN/BPQ4F4	3419224	checksum error
doi:10.7910/DVN/BPQ4F4	3419225	checksum error
doi:10.7910/DVN/BPQ4F4	3419226	checksum error
doi:10.7910/DVN/BPQ4F4	3419227	checksum error
doi:10.7910/DVN/BPQ4F4	3419228	checksum error
doi:10.7910/DVN/BPQ4F4	3419229	checksum error
doi:10.7910/DVN/BPQ4F4	3419230	checksum error
doi:10.7910/DVN/BPQ4F4	3419231	checksum error
doi:10.7910/DVN/BPQ4F4	3419232	checksum error
doi:10.7910/DVN/BPQ4F4	3419233	checksum error
doi:10.7910/DVN/BPQ4F4	3419234	checksum error
doi:10.7910/DVN/BPQ4F4	3419235	checksum error
doi:10.7910/DVN/BPQ4F4	3419236	checksum error
doi:10.7910/DVN/BPQ4F4	3419237	checksum error
doi:10.7910/DVN/BPQ4F4	3419238	checksum error
doi:10.7910/DVN/BPQ4F4	3419239	checksum error
doi:10.7910/DVN/BPQ4F4	3419240	checksum error
doi:10.7910/DVN/BPQ4F4	3419241	checksum error
doi:10.7910/DVN/BPQ4F4	3419242	checksum error
doi:10.7910/DVN/BPQ4F4	3419243	checksum error
doi:10.7910/DVN/BPQ4F4	3419244	checksum error
doi:10.7910/DVN/BPQ4F4	3419245	checksum error
doi:10.7910/DVN/BPQ4F4	3419246	checksum error
doi:10.7910/DVN/BPQ4F4	3419247	checksum error
doi:10.7910/DVN/BPQ4F4	3419248	checksum error
doi:10.7910/DVN/BPQ4F4	3419249	checksum error
doi:10.7910/DVN/BPQ4F4	3419250	checksum error
doi:10.7910/DVN/BPQ4F4	3419251	checksum error
doi:10.7910/DVN/BPQ4F4	3419252	checksum error
doi:10.7910/DVN/BPQ4F4	3419253	checksum error
doi:10.7910/DVN/BPQ4F4	3419254	checksum error
doi:10.7910/DVN/BPQ4F4	3419255	checksum error
doi:10.7910/DVN/BPQ4F4	3419256	checksum error
doi:10.7910/DVN/BPQ4F4	3419257	checksum error
doi:10.7910/DVN/BPQ4F4	3419258	checksum error
doi:10.7910/DVN/BPQ4F4	3419259	checksum error
doi:10.7910/DVN/BPQ4F4	3419260	checksum error
doi:10.7910/DVN/BPQ4F4	3419261	checksum error
doi:10.7910/DVN/BPQ4F4	3419262	checksum error
doi:10.7910/DVN/BPQ4F4	3419263	checksum error
doi:10.7910/DVN/BPQ4F4	3419264	checksum error
doi:10.7910/DVN/BPQ4F4	3419265	checksum error
doi:10.7910/DVN/BPQ4F4	3419266	checksum error
doi:10.7910/DVN/BPQ4F4	3419267	checksum error
doi:10.7910/DVN/BPQ4F4	3419268	checksum error
doi:10.7910/DVN/BPQ4F4	3419269	checksum error
doi:10.7910/DVN/BPQ4F4	3419270	checksum error
doi:10.7910/DVN/BPQ4F4	3419271	checksum error
doi:10.7910/DVN/BPQ4F4	3419272	checksum error
doi:10.7910/DVN/BPQ4F4	3419273	checksum error
doi:10.7910/DVN/BPQ4F4	3419274	checksum error
doi:10.7910/DVN/BPQ4F4	3419275	checksum error
doi:10.7910/DVN/BPQ4F4	3419276	checksum error
doi:10.7910/DVN/BPQ4F4	3419277	checksum error
doi:10.7910/DVN/BPQ4F4	3419278	checksum error
doi:10.7910/DVN/BPQ4F4	3419279	checksum error
doi:10.7910/DVN/BPQ4F4	3419280	checksum error
doi:10.7910/DVN/BPQ4F4	3419281	checksum error
doi:10.7910/DVN/BPQ4F4	3419282	checksum error
doi:10.7910/DVN/BPQ4F4	3419283	checksum error
doi:10.7910/DVN/BPQ4F4	3419284	checksum error
doi:10.7910/DVN/BPQ4F4	3419285	checksum error
doi:10.7910/DVN/BPQ4F4	3419286	checksum error
doi:10.7910/DVN/BPQ4F4	3419287	checksum error
doi:10.7910/DVN/BPQ4F4	3419288	checksum error
doi:10.7910/DVN/BPQ4F4	3419289	checksum error
doi:10.7910/DVN/BPQ4F4	3419290	checksum error
doi:10.7910/DVN/BPQ4F4	3419291	checksum error
doi:10.7910/DVN/BPQ4F4	3419292	checksum error
doi:10.7910/DVN/BPQ4F4	3419293	checksum error
doi:10.7910/DVN/BPQ4F4	3419294	checksum error
doi:10.7910/DVN/BPQ4F4	3419295	checksum error
doi:10.7910/DVN/BPQ4F4	3419296	checksum error
doi:10.7910/DVN/BPQ4F4	3419297	checksum error
doi:10.7910/DVN/BPQ4F4	3419298	checksum error
doi:10.7910/DVN/BPQ4F4	3419299	checksum error
doi:10.7910/DVN/BPQ4F4	3419300	checksum error
doi:10.7910/DVN/BPQ4F4	3419301	checksum error
doi:10.7910/DVN/BPQ4F4	3419302	checksum error
doi:10.7910/DVN/BPQ4F4	3419303	checksum error
doi:10.7910/DVN/BPQ4F4	3419304	checksum error
doi:10.7910/DVN/BPQ4F4	3419305	checksum error
doi:10.7910/DVN/BPQ4F4	3419306	checksum error
doi:10.7910/DVN/BPQ4F4	3419307	checksum error
doi:10.7910/DVN/BPQ4F4	3419308	checksum error
doi:10.7910/DVN/BPQ4F4	3419309	checksum error
doi:10.7910/DVN/BPQ4F4	3419310	checksum error
doi:10.7910/DVN/BPQ4F4	3419311	checksum error
doi:10.7910/DVN/BPQ4F4	3419312	checksum error
doi:10.7910/DVN/BPQ4F4	3419313	checksum error
doi:10.7910/DVN/BPQ4F4	3419314	checksum error
doi:10.7910/DVN/BPQ4F4	3419315	checksum error
doi:10.7910/DVN/BPQ4F4	3419316	checksum error
doi:10.7910/DVN/BPQ4F4	3419317	checksum error
doi:10.7910/DVN/BPQ4F4	3419318	checksum error
doi:10.7910/DVN/BPQ4F4	3419319	checksum error
doi:10.7910/DVN/BPQ4F4	3419320	checksum error
doi:10.7910/DVN/BPQ4F4	3419321	checksum error
doi:10.7910/DVN/BPQ4F4	3419322	checksum error
doi:10.7910/DVN/BPQ4F4	3419366	checksum error
doi:10.7910/DVN/BPQ4F4	3419367	checksum error
doi:10.7910/DVN/BPQ4F4	3419368	checksum error
doi:10.7910/DVN/BPQ4F4	3419369	checksum error
doi:10.7910/DVN/BPQ4F4	3419370	checksum error
doi:10.7910/DVN/WJKQ1C	all	ok
doi:10.7910/DVN/FPG4S1	all	ok
doi:10.7910/DVN/2PNZNU	all	ok
doi:10.7910/DVN/WRVUOT	all	ok
doi:10.7910/DVN/OHLWEU	all	ok
doi:10.7910/DVN/3RF1X0	all	ok
doi:10.7910/DVN/NNXBHP	all	ok
doi:10.7910/DVN/WAQNXD	all	ok
doi:10.7910/DVN/GFGWDO	3781768	checksum error
doi:10.7910/DVN/GFGWDO	3781769	checksum error
doi:10.7910/DVN/9ZYFBX	all	ok
doi:10.7910/DVN/RA3RUJ	all	ok
doi:10.7910/DVN/LOZGUO	all	ok
doi:10.7910/DVN/A3HBWB	all	ok
doi:10.7910/DVN/W9FU5T	all	ok
doi:10.7910/DVN/VNHM17	all	ok
doi:10.7910/DVN/FFGFEG	all	ok
doi:10.7910/DVN/GA0X38	all	ok
doi:10.7910/DVN/V5NBER	all	ok
doi:10.7910/DVN/ODQVVO	all	ok
doi:10.7910/DVN/VJCL6D	all	ok
doi:10.7910/DVN/FYGY6V	all	ok
doi:10.7910/DVN/KE92DO	all	ok
doi:10.7910/DVN/EHAGOF	all	ok
doi:10.7910/DVN/TLPMVI	all	ok
doi:10.7910/DVN/5SW2HJ	all	ok
doi:10.7910/DVN/YIVU1L	all	ok
doi:10.7910/DVN/LA4QBU	all	ok
doi:10.7910/DVN/A84A9E	all	ok
doi:10.7910/DVN/PTGUWE	all	ok
doi:10.7910/DVN/H11ITR	all	ok
doi:10.7910/DVN/ZLGGEG	all	ok
doi:10.7910/DVN/D2XPJ6	all	ok
doi:10.7910/DVN/MR7YZK	all	ok
doi:10.7910/DVN/NQFPF3	all	ok
doi:10.7910/DVN/OJK8GC	all	ok
doi:10.7910/DVN/EEARKA	all	ok
doi:10.7910/DVN/5TZWT2	all	ok
doi:10.7910/DVN/Q7U1GP	all	ok
doi:10.7910/DVN/BZYEIY	all	ok
doi:10.7910/DVN/L4IOHC	all	ok
doi:10.7910/DVN/WPVSMH	all	ok
doi:10.7910/DVN/L7IT9L	all	ok
doi:10.7910/DVN/S39TAI	all	ok
doi:10.7910/DVN/LNPAOC	all	ok
doi:10.7910/DVN/BHEM8T	all	ok
doi:10.7910/DVN/UI7OFK	all	ok
doi:10.7910/DVN/6AL5YC	all	ok
doi:10.7910/DVN/J2NDPP	all	ok
doi:10.7910/DVN/OMS7VI	all	ok
doi:10.7910/DVN/KRIR6G	all	ok
doi:10.7910/DVN/2BF2HB	all	ok
doi:10.7910/DVN/8UWS1R	all	ok
doi:10.7910/DVN/RUZL8U	all	ok
doi:10.7910/DVN/0XYQR3	all	ok
doi:10.7910/DVN/X0VSTL	all	ok
doi:10.7910/DVN/GIJBUU	all	ok
doi:10.7910/DVN/UTAP1V	all	ok
doi:10.7910/DVN/GOGH2L	all	ok
doi:10.7910/DVN/RT5JTV	all	ok
doi:10.7910/DVN/FAWCGP	all	ok
doi:10.7910/DVN/HJZSIM	all	ok
doi:10.7910/DVN/ON3RET	all	ok
doi:10.7910/DVN/CPVIOF	all	ok
doi:10.7910/DVN/HQBRHO	all	ok
doi:10.7910/DVN/6UNLQM	all	ok
doi:10.7910/DVN/7TRL0I	all	ok
doi:10.7910/DVN/JJB3QT	all	ok
doi:10.7910/DVN/M2U0KV	all	ok
doi:10.7910/DVN/9JLCSY	all	ok
doi:10.7910/DVN/XHGDPA	3452468	checksum error
doi:10.7910/DVN/XHGDPA	3452469	checksum error
doi:10.7910/DVN/0E9KON	all	ok
doi:10.7910/DVN/78JPNJ	all	ok
doi:10.7910/DVN/VXCUOU	all	ok
doi:10.7910/DVN/PZC0DM	2676176	checksum error
doi:10.7910/DVN/PZC0DM	2676179	checksum error
doi:10.7910/DVN/4KLEOU	all	ok
doi:10.7910/DVN/IJEWYV	all	ok
doi:10.7910/DVN/GYY3H5	all	ok
doi:10.7910/DVN/TXFTKV	all	ok
doi:10.7910/DVN/ZT1EZG	all	ok
doi:10.7910/DVN/Q90FOB	all	ok
doi:10.7910/DVN/YAZVZE	all	ok
doi:10.7910/DVN/AGTZ36	all	ok
doi:10.7910/DVN/EWISS3	all	ok
doi:10.7910/DVN/82GIUZ	all	ok
doi:10.7910/DVN/BFE6IU	all	ok
doi:10.7910/DVN/1CCXS9	all	ok
doi:10.7910/DVN/EEP5MT	all	ok
doi:10.7910/DVN/UEOK3H	all	ok
doi:10.7910/DVN/XPYPMF	all	ok
doi:10.7910/DVN/EZDWZH	all	ok
doi:10.7910/DVN/OEZGVP	all	ok
doi:10.7910/DVN/CEVZPL	all	ok
doi:10.7910/DVN/XLVC6T	all	ok
doi:10.7910/DVN/CBE7I0	all	ok
doi:10.7910/DVN/TL0PZD	all	ok
doi:10.7910/DVN/7LIY1U	all	ok
doi:10.7910/DVN/KRWG8E	all	ok
doi:10.7910/DVN/7ROIBN	all	ok
doi:10.7910/DVN/24259	all	ok
doi:10.7910/DVN/NW4LIO	all	ok
doi:10.7910/DVN/3YK0HL	all	ok
doi:10.7910/DVN/XBBOHV	all	ok
doi:10.7910/DVN/G3YJXY	all	ok
doi:10.7910/DVN/C6WCUY	all	ok
doi:10.7910/DVN/K5MT68	all	ok
doi:10.7910/DVN/NURHVT	all	ok
doi:10.7910/DVN/DE8THR	all	ok
doi:10.7910/DVN/UKOSTN	all	ok
doi:10.7910/DVN/JBYLAS	all	ok
doi:10.7910/DVN/YT8KWK	all	ok
doi:10.7910/DVN/NGTWWJ	all	ok
doi:10.7910/DVN/KD4MXV	all	ok
doi:10.7910/DVN/IJNZWK	all	ok
doi:10.7910/DVN/AYYRE5	all	ok
doi:10.7910/DVN/CI1J5T	all	ok
doi:10.7910/DVN/EE7UJZ	all	ok
doi:10.7910/DVN/XWLKFM	all	ok
doi:10.7910/DVN/XVPHO1	all	ok
doi:10.7910/DVN/9ZPFF9	all	ok
doi:10.7910/DVN/229VVX	all	ok
doi:10.7910/DVN/EAI1BB	all	ok
doi:10.7910/DVN/RHAXDD	all	ok
doi:10.7910/DVN/JQWCZH	all	ok
doi:10.7910/DVN/B47FTE	all	ok
doi:10.7910/DVN/DDWWJW	all	ok
doi:10.7910/DVN/ZQPWUJ	all	ok
doi:10.7910/DVN/GCOLDC	all	ok
doi:10.7910/DVN/HDREIJ	all	ok
doi:10.7910/DVN/NI225N	all	ok
doi:10.7910/DVN/JMVWZI	all	ok
doi:10.7910/DVN/XNMFRU	all	ok
doi:10.7910/DVN/8ZJBLI	all	ok
doi:10.7910/DVN/QE6ERU	all	ok
doi:10.7910/DVN/8DWAZW	all	ok
doi:10.7910/DVN/KWPEKK	all	ok
doi:10.7910/DVN/PGQY2F	all	ok
doi:10.7910/DVN/84NYFE	all	ok
doi:10.7910/DVN/XY2TUK	all	ok
doi:10.7910/DVN/BRJAPZ	all	ok
doi:10.7910/DVN/TOZUDO	all	ok
doi:10.7910/DVN/X9V201	all	ok
doi:10.7910/DVN/WDPAZV	all	ok
doi:10.7910/DVN/L716E8	all	ok
doi:10.7910/DVN/7MN7OD	all	ok
doi:10.7910/DVN/SVSLO2	all	ok
doi:10.7910/DVN/V9LWUQ	all	ok
doi:10.7910/DVN/OFK4L6	all	ok
doi:10.7910/DVN/OSIQ8I	all	ok
doi:10.7910/DVN/8R3LTP	all	ok
doi:10.7910/DVN/NHKKE2	all	ok
doi:10.7910/DVN/2E2M9Z	all	ok
doi:10.7910/DVN/NO90AJ	all	ok
doi:10.7910/DVN/T9IKQT	all	ok
doi:10.7910/DVN/G0HJLV	all	ok
doi:10.7910/DVN/LAUVGR	all	ok
doi:10.7910/DVN/W6P50R	2852947	checksum error
doi:10.7910/DVN/W6P50R	2852948	checksum error
doi:10.7910/DVN/W6P50R	2852949	checksum error
doi:10.7910/DVN/W6P50R	2852950	checksum error
doi:10.7910/DVN/W6P50R	2852951	checksum error
doi:10.7910/DVN/W6P50R	2852952	checksum error
doi:10.7910/DVN/W6P50R	2852953	checksum error
doi:10.7910/DVN/W6P50R	2852954	checksum error
doi:10.7910/DVN/W6P50R	2852955	checksum error
doi:10.7910/DVN/W6P50R	2852956	checksum error
doi:10.7910/DVN/W6P50R	2852957	checksum error
doi:10.7910/DVN/W6P50R	2852958	checksum error
doi:10.7910/DVN/W6P50R	2852959	checksum error
doi:10.7910/DVN/W6P50R	2852960	checksum error
doi:10.7910/DVN/W6P50R	2852961	checksum error
doi:10.7910/DVN/W6P50R	2852962	checksum error
doi:10.7910/DVN/W6P50R	2852963	checksum error
doi:10.7910/DVN/W6P50R	2852964	checksum error
doi:10.7910/DVN/W6P50R	2852965	checksum error
doi:10.7910/DVN/W6P50R	2852966	checksum error
doi:10.7910/DVN/W6P50R	2852967	checksum error
doi:10.7910/DVN/W6P50R	2852968	checksum error
doi:10.7910/DVN/W6P50R	2852969	checksum error
doi:10.7910/DVN/W6P50R	2852970	checksum error
doi:10.7910/DVN/W6P50R	2852971	checksum error
doi:10.7910/DVN/W6P50R	2852972	checksum error
doi:10.7910/DVN/W6P50R	2852973	checksum error
doi:10.7910/DVN/W6P50R	2852974	checksum error
doi:10.7910/DVN/W6P50R	2852975	checksum error
doi:10.7910/DVN/W6P50R	2852976	checksum error
doi:10.7910/DVN/W6P50R	2852977	checksum error
doi:10.7910/DVN/W6P50R	2852978	checksum error
doi:10.7910/DVN/W6P50R	2852979	checksum error
doi:10.7910/DVN/W6P50R	2852980	checksum error
doi:10.7910/DVN/W6P50R	2852981	checksum error
doi:10.7910/DVN/W6P50R	2852982	checksum error
doi:10.7910/DVN/W6P50R	2852983	checksum error
doi:10.7910/DVN/W6P50R	2852984	checksum error
doi:10.7910/DVN/W6P50R	2852985	checksum error
doi:10.7910/DVN/W6P50R	2852986	checksum error
doi:10.7910/DVN/W6P50R	2852987	checksum error
doi:10.7910/DVN/W6P50R	2852988	checksum error
doi:10.7910/DVN/W6P50R	2852989	checksum error
doi:10.7910/DVN/W6P50R	2852990	checksum error
doi:10.7910/DVN/W6P50R	2852991	checksum error
doi:10.7910/DVN/W6P50R	2852992	checksum error
doi:10.7910/DVN/W6P50R	2852993	checksum error
doi:10.7910/DVN/W6P50R	2852994	checksum error
doi:10.7910/DVN/W6P50R	2852995	checksum error
doi:10.7910/DVN/W6P50R	2852996	checksum error
doi:10.7910/DVN/W6P50R	2852997	checksum error
doi:10.7910/DVN/W6P50R	2852998	checksum error
doi:10.7910/DVN/W6P50R	2852999	checksum error
doi:10.7910/DVN/W6P50R	2853000	checksum error
doi:10.7910/DVN/W6P50R	2853001	checksum error
doi:10.7910/DVN/W6P50R	2853002	checksum error
doi:10.7910/DVN/W6P50R	2853003	checksum error
doi:10.7910/DVN/W6P50R	2853004	checksum error
doi:10.7910/DVN/W6P50R	2853005	checksum error
doi:10.7910/DVN/W6P50R	2853006	checksum error
doi:10.7910/DVN/MYF97D	all	ok
doi:10.7910/DVN/DBSEQC	all	ok
doi:10.7910/DVN/KXMJMZ	all	ok
doi:10.7910/DVN/0XDYNK	2790639	checksum error
doi:10.7910/DVN/0XDYNK	2790640	checksum error
doi:10.7910/DVN/0XDYNK	2790641	checksum error
doi:10.7910/DVN/0XDYNK	2790642	checksum error
doi:10.7910/DVN/0XDYNK	2790643	checksum error
doi:10.7910/DVN/0XDYNK	2790644	checksum error
doi:10.7910/DVN/0XDYNK	2790645	checksum error
doi:10.7910/DVN/0XDYNK	2790646	checksum error
doi:10.7910/DVN/0XDYNK	2790648	checksum error
doi:10.7910/DVN/0XDYNK	2790649	checksum error
doi:10.7910/DVN/0XDYNK	2790650	checksum error
doi:10.7910/DVN/0XDYNK	2790651	checksum error
doi:10.7910/DVN/0XDYNK	2790652	checksum error
doi:10.7910/DVN/0XDYNK	2790653	checksum error
doi:10.7910/DVN/0XDYNK	2790654	checksum error
doi:10.7910/DVN/0XDYNK	2790655	checksum error
doi:10.7910/DVN/0XDYNK	2790656	checksum error
doi:10.7910/DVN/0XDYNK	2790657	checksum error
doi:10.7910/DVN/0XDYNK	2790658	checksum error
doi:10.7910/DVN/0XDYNK	2790660	checksum error
doi:10.7910/DVN/0XDYNK	2790678	checksum error
doi:10.7910/DVN/0XDYNK	2790680	checksum error
doi:10.7910/DVN/JQV0DJ	all	ok
doi:10.7910/DVN/WP7ETR	all	ok
doi:10.7910/DVN/GLEY3J	all	ok
doi:10.7910/DVN/XMLDSI	all	ok
doi:10.7910/DVN/V5P0SM	all	ok
doi:10.7910/DVN/4K7SQC	all	ok
doi:10.7910/DVN/JYKL9M	all	ok
doi:10.7910/DVN/SIGIAU	all	ok
doi:10.7910/DVN/AH3CFH	all	ok
doi:10.7910/DVN/1ELYGA	all	ok
doi:10.7910/DVN/DXDQV3	all	ok
doi:10.7910/DVN/29080	all	ok
doi:10.7910/DVN/MOTRM2	all	ok
doi:10.7910/DVN/1GHCOT	all	ok
doi:10.7910/DVN/ZAZAD6	all	ok
doi:10.7910/DVN/RQLGLH	3055302	checksum error
doi:10.7910/DVN/RQLGLH	3055303	checksum error
doi:10.7910/DVN/RQLGLH	3055304	checksum error
doi:10.7910/DVN/RQLGLH	3055305	checksum error
doi:10.7910/DVN/RQLGLH	3055306	checksum error
doi:10.7910/DVN/RQLGLH	3055307	checksum error
doi:10.7910/DVN/RQLGLH	3055308	checksum error
doi:10.7910/DVN/RQLGLH	3055309	checksum error
doi:10.7910/DVN/RQLGLH	3055310	checksum error
doi:10.7910/DVN/RQLGLH	3055311	checksum error
doi:10.7910/DVN/RQLGLH	3055312	checksum error
doi:10.7910/DVN/RQLGLH	3055313	checksum error
doi:10.7910/DVN/RQLGLH	3055314	checksum error
doi:10.7910/DVN/RQLGLH	3055315	checksum error
doi:10.7910/DVN/RQLGLH	3055316	checksum error
doi:10.7910/DVN/RQLGLH	3055317	checksum error
doi:10.7910/DVN/RQLGLH	3055318	checksum error
doi:10.7910/DVN/RQLGLH	3055319	checksum error
doi:10.7910/DVN/RQLGLH	3055320	checksum error
doi:10.7910/DVN/RQLGLH	3055321	checksum error
doi:10.7910/DVN/RQLGLH	3055322	checksum error
doi:10.7910/DVN/RQLGLH	3055323	checksum error
doi:10.7910/DVN/RQLGLH	3055324	checksum error
doi:10.7910/DVN/RQLGLH	3055325	checksum error
doi:10.7910/DVN/RQLGLH	3055326	checksum error
doi:10.7910/DVN/RQLGLH	3055327	checksum error
doi:10.7910/DVN/RQLGLH	3055328	checksum error
doi:10.7910/DVN/RQLGLH	3055329	checksum error
doi:10.7910/DVN/RQLGLH	3055330	checksum error
doi:10.7910/DVN/RQLGLH	3055331	checksum error
doi:10.7910/DVN/RQLGLH	3055332	checksum error
doi:10.7910/DVN/RQLGLH	3055333	checksum error
doi:10.7910/DVN/RQLGLH	3055334	checksum error
doi:10.7910/DVN/RQLGLH	3055335	checksum error
doi:10.7910/DVN/RQLGLH	3055336	checksum error
doi:10.7910/DVN/RQLGLH	3055337	checksum error
doi:10.7910/DVN/RQLGLH	3055338	checksum error
doi:10.7910/DVN/RQLGLH	3055339	checksum error
doi:10.7910/DVN/RQLGLH	3055340	checksum error
doi:10.7910/DVN/RQLGLH	3055341	checksum error
doi:10.7910/DVN/RQLGLH	3055342	checksum error
doi:10.7910/DVN/RQLGLH	3055343	checksum error
doi:10.7910/DVN/RQLGLH	3055344	checksum error
doi:10.7910/DVN/RQLGLH	3055345	checksum error
doi:10.7910/DVN/RQLGLH	3055346	checksum error
doi:10.7910/DVN/RQLGLH	3055347	checksum error
doi:10.7910/DVN/RQLGLH	3055348	checksum error
doi:10.7910/DVN/RQLGLH	3055349	checksum error
doi:10.7910/DVN/RQLGLH	3055350	checksum error
doi:10.7910/DVN/RQLGLH	3055351	checksum error
doi:10.7910/DVN/RQLGLH	3055352	checksum error
doi:10.7910/DVN/RQLGLH	3055353	checksum error
doi:10.7910/DVN/RQLGLH	3055354	checksum error
doi:10.7910/DVN/RQLGLH	3055355	checksum error
doi:10.7910/DVN/RQLGLH	3055356	checksum error
doi:10.7910/DVN/RQLGLH	3055357	checksum error
doi:10.7910/DVN/RQLGLH	3055358	checksum error
doi:10.7910/DVN/RQLGLH	3055359	checksum error
doi:10.7910/DVN/RQLGLH	3055360	checksum error
doi:10.7910/DVN/RQLGLH	3055361	checksum error
doi:10.7910/DVN/RQLGLH	3055362	checksum error
doi:10.7910/DVN/RQLGLH	3055363	checksum error
doi:10.7910/DVN/RQLGLH	3055364	checksum error
doi:10.7910/DVN/RQLGLH	3055365	checksum error
doi:10.7910/DVN/RQLGLH	3055366	checksum error
doi:10.7910/DVN/RQLGLH	3055367	checksum error
doi:10.7910/DVN/RQLGLH	3055368	checksum error
doi:10.7910/DVN/RQLGLH	3055369	checksum error
doi:10.7910/DVN/RQLGLH	3055370	checksum error
doi:10.7910/DVN/RQLGLH	3055371	checksum error
doi:10.7910/DVN/RQLGLH	3055372	checksum error
doi:10.7910/DVN/RQLGLH	3055386	checksum error
doi:10.7910/DVN/RQLGLH	3055387	checksum error
doi:10.7910/DVN/RQLGLH	3055388	checksum error
doi:10.7910/DVN/RQLGLH	3055389	checksum error
doi:10.7910/DVN/RQLGLH	3055390	checksum error
doi:10.7910/DVN/RQLGLH	3055391	checksum error
doi:10.7910/DVN/RQLGLH	3055392	checksum error
doi:10.7910/DVN/RQLGLH	3055393	checksum error
doi:10.7910/DVN/RQLGLH	3055394	checksum error
doi:10.7910/DVN/RQLGLH	3055395	checksum error
doi:10.7910/DVN/EHVYNN	all	ok
doi:10.7910/DVN/WQA7TS	all	ok
doi:10.7910/DVN/GSBOEU	all	ok
doi:10.7910/DVN/UT25HQ	all	ok
doi:10.7910/DVN/CV9AYE	all	ok
doi:10.7910/DVN/NCUSPZ	all	ok
doi:10.7910/DVN/IY9B1T	all	ok
doi:10.7910/DVN/ADIFOV	all	ok
doi:10.7910/DVN/AU3BTQ	all	ok
doi:10.7910/DVN/27702	all	ok
doi:10.7910/DVN/Y1EUAY	all	ok
doi:10.7910/DVN/X093TV	all	ok
doi:10.7910/DVN/PHVXJK	all	ok
doi:10.7910/DVN/3ZLC8E	all	ok
doi:10.7910/DVN/N9XP0Y	all	ok
doi:10.7910/DVN/434DSB	all	ok
doi:10.7910/DVN/WYCMVV	all	ok
doi:10.7910/DVN/CJZB8X	all	ok
doi:10.7910/DVN/N1HOB1	all	ok
doi:10.7910/DVN/PASJJ8	all	ok
doi:10.7910/DVN/DTFR60	all	ok
doi:10.7910/DVN/XW1YYI	all	ok
doi:10.7910/DVN/CBJELO	2826247	checksum error
doi:10.7910/DVN/CBJELO	2826248	checksum error
doi:10.7910/DVN/CBJELO	2826249	checksum error
doi:10.7910/DVN/CBJELO	2826250	checksum error
doi:10.7910/DVN/CBJELO	2826251	checksum error
doi:10.7910/DVN/1HPT9N	all	ok
doi:10.7910/DVN/NDZV42	all	ok
doi:10.7910/DVN/VB6GAD	all	ok
doi:10.7910/DVN/W3VOOP	all	ok
doi:10.7910/DVN/KPCLFQ	all	ok
doi:10.7910/DVN/3E7RG4	all	ok
doi:10.7910/DVN/8N79E6	all	ok
doi:10.7910/DVN/Q5PRNX	all	ok
doi:10.7910/DVN/JWJRME	all	ok
doi:10.7910/DVN/B9SCDJ	all	ok
doi:10.7910/DVN/K1TVXL	all	ok
doi:10.7910/DVN/LDRTZI	all	ok
doi:10.7910/DVN/FIL6J1	all	ok
doi:10.7910/DVN/FPMUUG	all	ok
doi:10.7910/DVN/GOB7NW	all	ok
doi:10.7910/DVN/5YB7KD	all	ok
doi:10.7910/DVN/YPBBA1	all	ok
doi:10.7910/DVN/L2OZPI	all	ok
doi:10.7910/DVN/SEXLPX	all	ok
doi:10.7910/DVN/IOPELZ	all	ok
doi:10.7910/DVN/ULHZSG	all	ok
doi:10.7910/DVN/BPU1XG	all	ok
doi:10.7910/DVN/FZI6NO	all	ok
doi:10.7910/DVN/ELT9VD	all	ok
doi:10.7910/DVN/EAXEET	all	ok
doi:10.7910/DVN/G3BKWG	all	ok
doi:10.7910/DVN/U1JEC0	all	ok
doi:10.7910/DVN/KHBJVZ	all	ok
doi:10.7910/DVN/GZH5L9	all	ok
doi:10.7910/DVN/4NUU2J	all	ok
doi:10.7910/DVN/LCLJTT	all	ok
doi:10.7910/DVN/8RCE84	all	ok
doi:10.7910/DVN/ELI51F	all	ok
doi:10.7910/DVN/NZFAXI	all	ok
doi:10.7910/DVN/KERZQY	all	ok
doi:10.7910/DVN/4IOIWV	all	ok
doi:10.7910/DVN/HYOWFW	all	ok
doi:10.7910/DVN/AHBXWA	all	ok
doi:10.7910/DVN/IKM2A4	all	ok
doi:10.7910/DVN/AMMFVZ	all	ok
doi:10.7910/DVN/0VQ2OK	3907851	checksum error
doi:10.7910/DVN/2BBRQ6	all	ok
doi:10.7910/DVN/GZRCCJ	all	ok
doi:10.7910/DVN/EAL0CY	all	ok
doi:10.7910/DVN/JPU0BX	all	ok
doi:10.7910/DVN/AOY452	all	ok
doi:10.7910/DVN/HOH1F0	all	ok
doi:10.7910/DVN/KBPZ5V	all	ok
doi:10.7910/DVN/Q2MHDM	all	ok
doi:10.7910/DVN/MPQQC0	all	ok
doi:10.7910/DVN/JL9UUK	all	ok
doi:10.7910/DVN/IGDKXP	all	ok
doi:10.7910/DVN/TRLSJA	all	ok
doi:10.7910/DVN/VX59QI	all	ok
doi:10.7910/DVN/TVGIJJ	all	ok
doi:10.7910/DVN/XAQMIA	all	ok
doi:10.7910/DVN/WHCZJR	all	ok
doi:10.7910/DVN/UWMHET	all	ok
doi:10.7910/DVN/FYQWMS	all	ok
doi:10.7910/DVN/ZFS7LI	all	ok
doi:10.7910/DVN/QQYHQS	all	ok
doi:10.7910/DVN/FECIO3	all	ok
doi:10.7910/DVN/IZWWBC	2695458	checksum error
doi:10.7910/DVN/EAYHSN	all	ok
doi:10.7910/DVN/HXHL97	all	ok
doi:10.7910/DVN/YQSBOA	all	ok
doi:10.7910/DVN/SOT2WM	all	ok
doi:10.7910/DVN/DAPJMB	all	ok
doi:10.7910/DVN/9B8HQN	all	ok
doi:10.7910/DVN/QPESTS	all	ok
doi:10.7910/DVN/XPRQWH	all	ok
doi:10.7910/DVN/LI9CAY	all	ok
doi:10.7910/DVN/XWAT9E	all	ok
doi:10.7910/DVN/YSS19O	all	ok
doi:10.7910/DVN/TQYWJR	all	ok
doi:10.7910/DVN/N1DE4Q	all	ok
doi:10.7910/DVN/WJ9T9R	all	ok
doi:10.7910/DVN/OEM7DW	all	ok
doi:10.7910/DVN/SLPNTI	all	ok
doi:10.7910/DVN/VWPPVQ	all	ok
doi:10.7910/DVN/LD0ITE	all	ok
doi:10.7910/DVN/7190MT	all	ok
doi:10.7910/DVN/3IWTGB	all	ok
doi:10.7910/DVN/BHKSZR	all	ok
doi:10.7910/DVN/Z1REHB	all	ok
doi:10.7910/DVN/SVY5VF	all	ok
doi:10.7910/DVN/AJYEDA	all	ok
doi:10.7910/DVN/W08NIR	all	ok
doi:10.7910/DVN/HJXFLK	all	ok
doi:10.7910/DVN/QYUBN2	all	ok
doi:10.7910/DVN/UHYIUW	all	ok
doi:10.7910/DVN/NZJXDB	all	ok
doi:10.7910/DVN/7ZVSYO	all	ok
doi:10.7910/DVN/QVI6MS	all	ok
doi:10.7910/DVN/Z4S2E8	all	ok
doi:10.7910/DVN/JIEWR3	all	ok
doi:10.7910/DVN/JOO3PP	all	ok
doi:10.7910/DVN/SDGTMU	all	ok
doi:10.7910/DVN/JSR0OE	all	ok
doi:10.7910/DVN/OKYC0B	all	ok
doi:10.7910/DVN/STRA2P	all	ok
doi:10.7910/DVN/BSKHUF	all	ok
doi:10.7910/DVN/MJF2D5	all	ok
doi:10.7910/DVN/IX6PBW	all	ok
doi:10.7910/DVN/0MXT0H	all	ok
doi:10.7910/DVN/RGIUEV	all	ok
doi:10.7910/DVN/X9NUOJ	all	ok
doi:10.7910/DVN/W2JM0L	all	ok
doi:10.7910/DVN/99OJBV	all	ok
doi:10.7910/DVN/BNAEDJ	all	ok
doi:10.7910/DVN/SLZ2OA	all	ok
doi:10.7910/DVN/OAGZZD	all	ok
doi:10.7910/DVN/LADWHL	all	ok
doi:10.7910/DVN/1DMAAJ	all	ok
doi:10.7910/DVN/SMLV5D	all	ok
doi:10.7910/DVN/9GFJEA	all	ok
doi:10.7910/DVN/FY7SVG	all	ok
doi:10.7910/DVN/UX39M4	all	ok
doi:10.7910/DVN/POCRVT	all	ok
doi:10.7910/DVN/J6SEGJ	all	ok
doi:10.7910/DVN/BFJ7RX	all	ok
doi:10.7910/DVN/QOEBOC	all	ok
doi:10.7910/DVN/K2QBK6	all	ok
doi:10.7910/DVN/PBEOJZ	all	ok
doi:10.7910/DVN/V1SVZ4	all	ok
doi:10.7910/DVN/IILJ4B	all	ok
doi:10.7910/DVN/USFTTP	all	ok
doi:10.7910/DVN/QOL1UK	all	ok
doi:10.7910/DVN/VXVBNI	all	ok
doi:10.7910/DVN/SIAOJ2	all	ok
doi:10.7910/DVN/ZAYTWC	all	ok
doi:10.7910/DVN/U3ZQYY	all	ok
doi:10.7910/DVN/6MRVOM	all	ok
doi:10.7910/DVN/U19R5G	all	ok
doi:10.7910/DVN/ALFLK6	all	ok
doi:10.7910/DVN/VX6QVB	all	ok
doi:10.7910/DVN/NRAQRH	all	ok
doi:10.7910/DVN/XI7ENB	all	ok
doi:10.7910/DVN/ETNFCY	all	ok
doi:10.7910/DVN/MHE2PO	all	ok
doi:10.7910/DVN/ZH5YFY	all	ok
doi:10.7910/DVN/Q1VWG4	all	ok
doi:10.7910/DVN/NIGQBX	all	ok
doi:10.7910/DVN/X5FLRX	all	ok
doi:10.7910/DVN/F1CFFM	all	ok
doi:10.7910/DVN/2HTWSU	all	ok
doi:10.7910/DVN/S2VGJ1	all	ok
doi:10.7910/DVN/SIJ1OC	all	ok
doi:10.7910/DVN/WY4IZ8	all	ok
doi:10.7910/DVN/VSIAGW	all	ok
doi:10.7910/DVN/VCXVVF	all	ok
doi:10.7910/DVN/1SBQCX	all	ok
doi:10.7910/DVN/KGVBNC	all	ok
doi:10.7910/DVN/8JW4Q7	all	ok
doi:10.7910/DVN/8SR1GY	all	ok
doi:10.7910/DVN/HEGV1N	all	ok
doi:10.7910/DVN/RGIMXH	all	ok
doi:10.7910/DVN/RLWSVJ	all	ok
doi:10.7910/DVN/M1IHH2	all	ok
doi:10.7910/DVN/0DE35E	all	ok
doi:10.7910/DVN/KHE44F	all	ok
doi:10.7910/DVN/MHN3NY	all	ok
doi:10.7910/DVN/UBRRHG	all	ok
doi:10.7910/DVN/C3RRZD	all	ok
doi:10.7910/DVN/5HC6SV	all	ok
doi:10.7910/DVN/WEGMVK	all	ok
doi:10.7910/DVN/MUPGQM	all	ok
doi:10.7910/DVN/LTF688	all	ok
doi:10.7910/DVN/TJ5XMF	all	ok
doi:10.7910/DVN/WNBBPZ	all	ok
doi:10.7910/DVN/YTTDWH	all	ok
doi:10.7910/DVN/ECGSUB	all	ok
doi:10.7910/DVN/BNRWDL	all	ok
doi:10.7910/DVN/FHD6M2	3153891	checksum error
doi:10.7910/DVN/FHD6M2	3153892	checksum error
doi:10.7910/DVN/FHD6M2	3153893	checksum error
doi:10.7910/DVN/FHD6M2	3153930	checksum error
doi:10.7910/DVN/FHD6M2	3153931	checksum error
doi:10.7910/DVN/FHD6M2	3153932	checksum error
doi:10.7910/DVN/FHD6M2	3153933	checksum error
doi:10.7910/DVN/FHD6M2	3153940	checksum error
doi:10.7910/DVN/FHD6M2	3153941	checksum error
doi:10.7910/DVN/FHD6M2	3153942	checksum error
doi:10.7910/DVN/FHD6M2	3153943	checksum error
doi:10.7910/DVN/FHD6M2	3153944	checksum error
doi:10.7910/DVN/FHD6M2	3153945	checksum error
doi:10.7910/DVN/FHD6M2	3153946	checksum error
doi:10.7910/DVN/FHD6M2	3153947	checksum error
doi:10.7910/DVN/FHD6M2	3153948	checksum error
doi:10.7910/DVN/FHD6M2	3153949	checksum error
doi:10.7910/DVN/FHD6M2	3153950	checksum error
doi:10.7910/DVN/AKLOHE	all	ok
doi:10.7910/DVN/VPIN2B	all	ok
doi:10.7910/DVN/UORFM0	all	ok
doi:10.7910/DVN/G3WF1H	all	ok
doi:10.7910/DVN/UAWGPU	all	ok
doi:10.7910/DVN/SZODIL	all	ok
doi:10.7910/DVN/XTIHGR	all	ok
doi:10.7910/DVN/NIMLAR	all	ok
doi:10.7910/DVN/UHKDG4	all	ok
doi:10.7910/DVN/4O4R79	all	ok
doi:10.7910/DVN/KG2APR	all	ok
doi:10.7910/DVN/WBBAE3	all	ok
doi:10.7910/DVN/ZSTE1X	all	ok
doi:10.7910/DVN/FAGL6V	all	ok
doi:10.7910/DVN/83TXKI	all	ok
doi:10.7910/DVN/HLAGNR	all	ok
doi:10.7910/DVN/80WUQB	all	ok
doi:10.7910/DVN/SURSEO	all	ok
doi:10.7910/DVN/8EHQWP	all	ok
doi:10.7910/DVN/NSRKXC	all	ok
doi:10.7910/DVN/OB00VG	all	ok
doi:10.7910/DVN/J4WZGT	all	ok
doi:10.7910/DVN/BHLMVC	all	ok
doi:10.7910/DVN/XF7UBI	all	ok
doi:10.7910/DVN/HDZEOP	all	ok
doi:10.7910/DVN/F32IWX	all	ok
doi:10.7910/DVN/X7NKSL	all	ok
doi:10.7910/DVN/PPW3SI	all	ok
doi:10.7910/DVN/7Q9ZSR	all	ok
doi:10.7910/DVN/KRKWK8	all	ok
doi:10.7910/DVN/DZ7JLC	all	ok
doi:10.7910/DVN/5NJPTT	all	ok
doi:10.7910/DVN/D6HU1J	all	ok
doi:10.7910/DVN/AE5BPK	all	ok
doi:10.7910/DVN/XRJ43D	all	ok
doi:10.7910/DVN/MP1NSJ	all	ok
doi:10.7910/DVN/GJLYGI	all	ok
doi:10.7910/DVN/Q0XAPV	all	ok
doi:10.7910/DVN/I8YHPT	all	ok
doi:10.7910/DVN/2NJV2P	all	ok
doi:10.7910/DVN/QJSRZF	all	ok
doi:10.7910/DVN/MFSZJH	all	ok
doi:10.7910/DVN/IFR1FC	all	ok
doi:10.7910/DVN/OXIIDD	all	ok
doi:10.7910/DVN/FQPO0E	all	ok
doi:10.7910/DVN/I0VEMG	all	ok
doi:10.7910/DVN/QTUFUW	all	ok
doi:10.7910/DVN/S9VBBL	all	ok
doi:10.7910/DVN/RFECVH	all	ok
doi:10.7910/DVN/KRE6KH	all	ok
doi:10.7910/DVN/N52H3M	all	ok
doi:10.7910/DVN/GDZTK8	all	ok
doi:10.7910/DVN/N7XQMY	all	ok
doi:10.7910/DVN/U6YTI5	all	ok
doi:10.7910/DVN/REXZ8H	all	ok
doi:10.7910/DVN/IICWEY	all	ok
doi:10.7910/DVN/TDSJHE	all	ok
doi:10.7910/DVN/SKV8MC	all	ok
doi:10.7910/DVN/WXEWWU	all	ok
doi:10.7910/DVN/5TWA0G	all	ok
doi:10.7910/DVN/OU5RKQ	all	ok
doi:10.7910/DVN/72GCGD	all	ok
doi:10.7910/DVN/TTKJJ9	all	ok
doi:10.7910/DVN/4QCWML	all	ok
doi:10.7910/DVN/3RNFFH	all	ok
doi:10.7910/DVN/1ZOEEX	all	ok
doi:10.7910/DVN/8L1SHV	all	ok
doi:10.7910/DVN/7LUZS5	all	ok
doi:10.7910/DVN/UAQZRO	all	ok
doi:10.7910/DVN/IWMH4T	all	ok
doi:10.7910/DVN/UBQYXT	all	ok
doi:10.7910/DVN/MIA6DY	all	ok
doi:10.7910/DVN/4TEDMI	all	ok
doi:10.7910/DVN/H6GG8O	all	ok
doi:10.7910/DVN/HPMEVO	all	ok
doi:10.7910/DVN/1WDJVC	all	ok
doi:10.7910/DVN/HL8HCA	all	ok
doi:10.7910/DVN/WONDKB	all	ok
doi:10.7910/DVN/I57L3O	all	ok
doi:10.7910/DVN/ZKGJAV	3152596	checksum error
doi:10.7910/DVN/ZKGJAV	3152597	checksum error
doi:10.7910/DVN/ZKGJAV	3152598	checksum error
doi:10.7910/DVN/ZKGJAV	3152599	checksum error
doi:10.7910/DVN/ZKGJAV	3152600	checksum error
doi:10.7910/DVN/ZKGJAV	3152601	checksum error
doi:10.7910/DVN/ZKGJAV	3152602	checksum error
doi:10.7910/DVN/ZKGJAV	3152603	checksum error
doi:10.7910/DVN/ZKGJAV	3152604	checksum error
doi:10.7910/DVN/ZKGJAV	3152605	checksum error
doi:10.7910/DVN/ZKGJAV	3152606	checksum error
doi:10.7910/DVN/ZKGJAV	3152607	checksum error
doi:10.7910/DVN/ZKGJAV	3152608	checksum error
doi:10.7910/DVN/ZKGJAV	3152609	checksum error
doi:10.7910/DVN/ZKGJAV	3152610	checksum error
doi:10.7910/DVN/ZKGJAV	3152611	checksum error
doi:10.7910/DVN/ZKGJAV	3152612	checksum error
doi:10.7910/DVN/ZKGJAV	3152613	checksum error
doi:10.7910/DVN/ZKGJAV	3152614	checksum error
doi:10.7910/DVN/ZKGJAV	3152615	checksum error
doi:10.7910/DVN/ZKGJAV	3152616	checksum error
doi:10.7910/DVN/ZKGJAV	3152617	checksum error
doi:10.7910/DVN/ZKGJAV	3152618	checksum error
doi:10.7910/DVN/ZKGJAV	3152619	checksum error
doi:10.7910/DVN/ZKGJAV	3152620	checksum error
doi:10.7910/DVN/ZKGJAV	3152621	checksum error
doi:10.7910/DVN/ZKGJAV	3152622	checksum error
doi:10.7910/DVN/ZKGJAV	3152623	checksum error
doi:10.7910/DVN/ZKGJAV	3152624	checksum error
doi:10.7910/DVN/ZKGJAV	3152625	checksum error
doi:10.7910/DVN/ZKGJAV	3152626	checksum error
doi:10.7910/DVN/ZKGJAV	3152627	checksum error
doi:10.7910/DVN/ZKGJAV	3152628	checksum error
doi:10.7910/DVN/ZKGJAV	3152629	checksum error
doi:10.7910/DVN/ZKGJAV	3152630	checksum error
doi:10.7910/DVN/ZKGJAV	3152631	checksum error
doi:10.7910/DVN/ZPDOYT	all	ok
doi:10.7910/DVN/CUBQSN	all	ok
doi:10.7910/DVN/MX5NIV	all	ok
doi:10.7910/DVN/WVVJFZ	all	ok
doi:10.7910/DVN/5D6YPB	all	ok
doi:10.7910/DVN/LIVJLZ	all	ok
doi:10.7910/DVN/HHMXU3	all	ok
doi:10.7910/DVN/XZLGAZ	all	ok
doi:10.7910/DVN/PGGXDO	all	ok
doi:10.7910/DVN/Q92PMT	all	ok
doi:10.7910/DVN/VJUOOV	3759509	checksum error
doi:10.7910/DVN/VJUOOV	3759510	checksum error
doi:10.7910/DVN/VJUOOV	3759511	checksum error
doi:10.7910/DVN/VJUOOV	3759513	checksum error
doi:10.7910/DVN/VJUOOV	3759514	checksum error
doi:10.7910/DVN/VJUOOV	3759515	checksum error
doi:10.7910/DVN/VJUOOV	3759516	checksum error
doi:10.7910/DVN/VJUOOV	3759517	checksum error
doi:10.7910/DVN/VJUOOV	3826163	checksum error
doi:10.7910/DVN/MSTR3F	all	ok
doi:10.7910/DVN/2HRRC7	all	ok
doi:10.7910/DVN/JHOK6X	all	ok
doi:10.7910/DVN/F0NDJP	2772957	checksum error
doi:10.7910/DVN/F0NDJP	2772958	checksum error
doi:10.7910/DVN/F0NDJP	2772967	checksum error
doi:10.7910/DVN/F0NDJP	2772969	checksum error
doi:10.7910/DVN/F0NDJP	2772971	checksum error
doi:10.7910/DVN/F0NDJP	2772972	checksum error
doi:10.7910/DVN/F0NDJP	2772983	checksum error
doi:10.7910/DVN/F0NDJP	2772988	checksum error
doi:10.7910/DVN/F0NDJP	2772997	checksum error
doi:10.7910/DVN/F0NDJP	2773001	checksum error
doi:10.7910/DVN/F0NDJP	2773004	checksum error
doi:10.7910/DVN/F0NDJP	2775239	checksum error
doi:10.7910/DVN/F0NDJP	2775240	checksum error
doi:10.7910/DVN/W1TDGZ	all	ok
doi:10.7910/DVN/KXXA5C	all	ok
doi:10.7910/DVN/WWQSVD	all	ok
doi:10.7910/DVN/05BSPP	all	ok
doi:10.7910/DVN/QFLS5T	all	ok
doi:10.7910/DVN/XGQ2ZA	all	ok
doi:10.7910/DVN/WKIJST	all	ok
doi:10.7910/DVN/I2CZQY	all	ok
doi:10.7910/DVN/INCJ3I	all	ok
doi:10.7910/DVN/JXSJ1G	all	ok
doi:10.7910/DVN/WHBK7K	all	ok
doi:10.7910/DVN/EXVUEA	all	ok
doi:10.7910/DVN/COZDRV	2792631	checksum error
doi:10.7910/DVN/COZDRV	2792632	checksum error
doi:10.7910/DVN/COZDRV	2792633	checksum error
doi:10.7910/DVN/COZDRV	2792635	checksum error
doi:10.7910/DVN/COZDRV	2792652	checksum error
doi:10.7910/DVN/6EOZAY	all	ok
doi:10.7910/DVN/X5C2T4	all	ok
doi:10.7910/DVN/EX7LIV	all	ok
doi:10.7910/DVN/R9PGXI	all	ok
doi:10.7910/DVN/PENDX4	all	ok
doi:10.7910/DVN/DEGC9Q	all	ok
doi:10.7910/DVN/3KBCJF	all	ok
doi:10.7910/DVN/FRWBPJ	all	ok
doi:10.7910/DVN/SFBX6Z	all	ok
doi:10.7910/DVN/K7OCDX	all	ok
doi:10.7910/DVN/VELJKG	all	ok
doi:10.7910/DVN/1HNIFT	all	ok
doi:10.7910/DVN/28731	all	ok
doi:10.7910/DVN/NFZLI3	all	ok
doi:10.7910/DVN/JIJJYE	all	ok
doi:10.7910/DVN/BJX91O	all	ok
doi:10.7910/DVN/4W1JHE	all	ok
doi:10.7910/DVN/LPLJCL	all	ok
doi:10.7910/DVN/ZRMLCR	all	ok
doi:10.7910/DVN/TVB65V	all	ok
doi:10.7910/DVN/ATHARK	all	ok
doi:10.7910/DVN/U42CYV	all	ok
doi:10.7910/DVN/ZRMAKU	all	ok
doi:10.7910/DVN/UMKD0K	all	ok
doi:10.7910/DVN/1WDVZB	all	ok
doi:10.7910/DVN/XKC4R4	all	ok
doi:10.7910/DVN/D5WS0Y	all	ok
doi:10.7910/DVN/EPDD6F	all	ok
doi:10.7910/DVN/QR0GFU	all	ok
doi:10.7910/DVN/HG0YSS	all	ok
doi:10.7910/DVN/TONE1D	all	ok
doi:10.7910/DVN/PNPR8C	all	ok
doi:10.7910/DVN/ODPNI8	all	ok
doi:10.7910/DVN/IEQVC7	all	ok
doi:10.7910/DVN/VOW9OB	all	ok
doi:10.7910/DVN/GKW5Q5	all	ok
doi:10.7910/DVN/YRFNJ6	all	ok
doi:10.7910/DVN/JTEOFY	all	ok
doi:10.7910/DVN/DSHYUJ	all	ok
doi:10.7910/DVN/HPB1CA	all	ok
doi:10.7910/DVN/LTGH26	all	ok
doi:10.7910/DVN/RTB67K	all	ok
doi:10.7910/DVN/OE6UMR	all	ok
doi:10.7910/DVN/ON8RBD	all	ok
doi:10.7910/DVN/M9RWZN	all	ok
doi:10.7910/DVN/VJTPJK	all	ok
doi:10.7910/DVN/BGHLAX	all	ok
doi:10.7910/DVN/CVL1Q7	all	ok
doi:10.7910/DVN/KFVJ4O	all	ok
doi:10.7910/DVN/BPSZZS	3224796	checksum error
doi:10.7910/DVN/BPSZZS	3224797	checksum error
doi:10.7910/DVN/S4YXQB	all	ok
doi:10.7910/DVN/YFGIVI	all	ok
doi:10.7910/DVN/S2VOLH	all	ok
doi:10.7910/DVN/MRBUP1	all	ok
doi:10.7910/DVN/J5GCZQ	all	ok
doi:10.7910/DVN/PLXNE3	all	ok
doi:10.7910/DVN/KPDD0E	all	ok
doi:10.7910/DVN/LAMWDB	all	ok
doi:10.7910/DVN/ACUDFD	all	ok
doi:10.7910/DVN/D9FAZL	all	ok
doi:10.7910/DVN/FF3DQM	all	ok
doi:10.7910/DVN/SSEZKB	all	ok
doi:10.7910/DVN/ZJCMYZ	all	ok
doi:10.7910/DVN/R9PVOF	all	ok
doi:10.7910/DVN/FB0R8A	all	ok
doi:10.7910/DVN/5JMNRV	all	ok
doi:10.7910/DVN/LRP3SZ	all	ok
doi:10.7910/DVN/QM15HX	3640628	checksum error
doi:10.7910/DVN/QM15HX	3640629	checksum error
doi:10.7910/DVN/QM15HX	3640630	checksum error
doi:10.7910/DVN/QM15HX	3640631	checksum error
doi:10.7910/DVN/QM15HX	3640632	checksum error
doi:10.7910/DVN/QM15HX	3640633	checksum error
doi:10.7910/DVN/QM15HX	3640634	checksum error
doi:10.7910/DVN/QM15HX	3640635	checksum error
doi:10.7910/DVN/QM15HX	3640636	checksum error
doi:10.7910/DVN/QM15HX	3640637	checksum error
doi:10.7910/DVN/QM15HX	3640638	checksum error
doi:10.7910/DVN/QM15HX	3640639	checksum error
doi:10.7910/DVN/QM15HX	3640640	checksum error
doi:10.7910/DVN/QM15HX	3640641	checksum error
doi:10.7910/DVN/QM15HX	3640642	checksum error
doi:10.7910/DVN/QM15HX	3640643	checksum error
doi:10.7910/DVN/QM15HX	3640644	checksum error
doi:10.7910/DVN/QM15HX	3640645	checksum error
doi:10.7910/DVN/QM15HX	3640646	checksum error
doi:10.7910/DVN/QM15HX	3640647	checksum error
doi:10.7910/DVN/QM15HX	3640648	checksum error
doi:10.7910/DVN/QM15HX	3640649	checksum error
doi:10.7910/DVN/QM15HX	3640650	checksum error
doi:10.7910/DVN/QM15HX	3640651	checksum error
doi:10.7910/DVN/QM15HX	3640652	checksum error
doi:10.7910/DVN/QM15HX	3640653	checksum error
doi:10.7910/DVN/HETS9K	all	ok
doi:10.7910/DVN/R1M1ID	all	ok
doi:10.7910/DVN/QYS2EZ	all	ok
doi:10.7910/DVN/8HFVU8	all	ok
doi:10.7910/DVN/I9GCXV	all	ok
doi:10.7910/DVN/9NXGHP	all	ok
doi:10.7910/DVN/WJPSJ2	all	ok
doi:10.7910/DVN/FROKE5	all	ok
doi:10.7910/DVN/PB2MLX	all	ok
doi:10.7910/DVN/FV7UOH	all	ok
doi:10.7910/DVN/NH8ZQC	all	ok
doi:10.7910/DVN/GUATS6	all	ok
doi:10.7910/DVN/IBKYRX	all	ok
doi:10.7910/DVN/SYJZNG	all	ok
doi:10.7910/DVN/EBBP1O	all	ok
doi:10.7910/DVN/XERE2A	all	ok
doi:10.7910/DVN/K0OYQF	all	ok
doi:10.7910/DVN/HMVALS	all	ok
doi:10.7910/DVN/DL4JY8	all	ok
doi:10.7910/DVN/PEHPBY	all	ok
doi:10.7910/DVN/UEARI0	all	ok
doi:10.7910/DVN/G2RADZ	all	ok
doi:10.7910/DVN/P7Z8FH	all	ok
doi:10.7910/DVN/QWEK63	all	ok
doi:10.7910/DVN/HRLHA4	all	ok
doi:10.7910/DVN/A48JP7	all	ok
doi:10.7910/DVN/MIU9K3	2917490	checksum error
doi:10.7910/DVN/MIU9K3	2917494	checksum error
doi:10.7910/DVN/MIU9K3	2917496	checksum error
doi:10.7910/DVN/MIU9K3	2917504	checksum error
doi:10.7910/DVN/MIU9K3	2917513	checksum error
doi:10.7910/DVN/MIU9K3	2917520	checksum error
doi:10.7910/DVN/MIU9K3	2917521	checksum error
doi:10.7910/DVN/MIU9K3	2917523	checksum error
doi:10.7910/DVN/EEFBL5	3241908	checksum error
doi:10.7910/DVN/EEFBL5	3241909	checksum error
doi:10.7910/DVN/EEFBL5	3241911	checksum error
doi:10.7910/DVN/EEFBL5	3241918	checksum error
doi:10.7910/DVN/EEFBL5	3241919	checksum error
doi:10.7910/DVN/EEFBL5	3241921	checksum error
doi:10.7910/DVN/EEFBL5	3241922	checksum error
doi:10.7910/DVN/4YANG7	all	ok
doi:10.7910/DVN/MKAI7J	all	ok
doi:10.7910/DVN/O1TEYO	all	ok
doi:10.7910/DVN/19FSQZ	all	ok
doi:10.7910/DVN/29497	all	ok
doi:10.7910/DVN/SUQC9N	all	ok
doi:10.7910/DVN/6HALRE	all	ok
doi:10.7910/DVN/RJAUNW	2695586	checksum error
doi:10.7910/DVN/ZTLUF1	all	ok
doi:10.7910/DVN/HUKSID	all	ok
doi:10.7910/DVN/5OG9VV	all	ok
doi:10.7910/DVN/28HGPY	all	ok
doi:10.7910/DVN/5UVZOS	all	ok
doi:10.7910/DVN/VCE7KN	all	ok
doi:10.7910/DVN/LP1F7C	all	ok
doi:10.7910/DVN/NMJ4W9	all	ok
doi:10.7910/DVN/X0AOON	all	ok
doi:10.7910/DVN/BX8N8S	all	ok
doi:10.7910/DVN/RZHL3X	all	ok
doi:10.7910/DVN/6JGSZP	all	ok
doi:10.7910/DVN/CLIGCI	all	ok
doi:10.7910/DVN/XN2TZL	all	ok
doi:10.7910/DVN/KY3WAE	all	ok
doi:10.7910/DVN/SR0NMB	all	ok
doi:10.7910/DVN/KG3XNC	all	ok
doi:10.7910/DVN/ZPMPE9	all	ok
doi:10.7910/DVN/AZXYIB	all	ok
doi:10.7910/DVN/4EPUIA	all	ok
doi:10.7910/DVN/KGIBK5	all	ok
doi:10.7910/DVN/ELHTWJ	all	ok
doi:10.7910/DVN/WOED4N	all	ok
doi:10.7910/DVN/ERX5D1	all	ok
doi:10.7910/DVN/KVHEKR	all	ok
doi:10.7910/DVN/38BFML	all	ok
doi:10.7910/DVN/LVFRCL	all	ok
doi:10.7910/DVN/NFXS5Z	all	ok
doi:10.7910/DVN/6PJDLG	all	ok
doi:10.7910/DVN/6RMWBD	all	ok
doi:10.7910/DVN/YUSU8X	all	ok
doi:10.7910/DVN/ADFBT7	all	ok
doi:10.7910/DVN/RMHOHL	all	ok
doi:10.7910/DVN/FZHJUM	all	ok
doi:10.7910/DVN/9F0SMU	all	ok
doi:10.7910/DVN/27564	all	ok
doi:10.7910/DVN/11ZIRS	all	ok
doi:10.7910/DVN/UMG39H	all	ok
doi:10.7910/DVN/9IKGYY	all	ok
doi:10.7910/DVN/YINHYL	all	ok
doi:10.7910/DVN/4FEJZ3	all	ok
doi:10.7910/DVN/VLBOBH	all	ok
doi:10.7910/DVN/UAUEWV	all	ok
doi:10.7910/DVN/T9WESH	all	ok
doi:10.7910/DVN/DMMQ4L	all	ok
doi:10.7910/DVN/6CMBEI	all	ok
doi:10.7910/DVN/FZCXVN	all	ok
doi:10.7910/DVN/UJE5AS	all	ok
